cluster,seed,query,suggestion,date
transport,bennett university metro,bennett university metro,bennett university metro station,2026-09-25
transport,bennett university metro,bennett university metro,bennett university metro route,2026-09-25
transport,bennett university metro,bennett university metro,bennett university metro,2026-09-25
transport,bennett university metro,bennett university metro,bennett university subway,2026-09-25
transport,bennett university metro,bennett university metro,bennett university nearest metro station,2026-09-25
transport,bennett university metro,bennett university metro,bennett university nearest metro,2026-09-25
transport,bennett university metro,bennett university metro,bennett university nearest metro station distance,2026-09-25
transport,bennett university metro,bennett university metro,bennett university through metro,2026-09-25
transport,bennett university metro,bennett university metro,bennett university closest metro,2026-09-25
transport,bennett university metro,bennett university metro,bennett university to metro station distance,2026-09-25
transport,how to reach bennett university,how to reach bennett university,how to reach bennett university,2026-09-25
transport,how to reach bennett university,how to reach bennett university,how to reach bennett university by metro,2026-09-25
transport,how to reach bennett university,how to reach bennett university,how to reach bennett university from delhi,2026-09-25
transport,how to reach bennett university,how to reach bennett university,how to reach bennett university from ghaziabad railway station,2026-09-25
transport,how to reach bennett university,how to reach bennett university,how to get bennett university,2026-09-25
transport,how to reach bennett university,how to reach bennett university,how to contact bennett university,2026-09-25
transport,how to reach bennett university,how to reach bennett university,how to get into bennett university,2026-09-25
transport,how to reach bennett university,how to reach bennett university,how to get into bennett university for btech,2026-09-25
transport,how to reach bennett university,how to reach bennett university,how to get into bennett university for law,2026-09-25
transport,how to reach bennett university,how to reach bennett university,how far is bennett university from my location,2026-09-25
transport,bennett university nearest metro station,bennett university nearest metro station,bennett university near metro station,2026-09-25
transport,bennett university nearest metro station,bennett university nearest metro station,bennett university nearest railway station,2026-09-25
transport,bennett university nearest metro station,bennett university nearest metro station,bennett university noida nearest metro station,2026-09-25
transport,bennett university nearest metro station,bennett university nearest metro station,bennett university address nearest metro station,2026-09-25
transport,bennett university nearest metro station,bennett university nearest metro station,bennett university delhi nearest metro station,2026-09-25
transport,bennett university nearest metro station,bennett university nearest metro station,bennett university greater noida nearest metro station,2026-09-25
transport,bennett university nearest metro station,bennett university nearest metro station,bennett university location,2026-09-25
transport,bennett university nearest metro station,bennett university nearest metro station,bennett university in which state,2026-09-25
transport,bennett university nearest metro station,bennett university nearest metro station a,bennett university admission process,2026-09-25
transport,bennett university nearest metro station,bennett university nearest metro station b,bennett university near by metro station,2026-09-25
transport,bennett university nearest metro station,bennett university nearest metro station b,bennett university branches in india,2026-09-25
transport,bennett university nearest metro station,bennett university nearest metro station b,bennett university courses,2026-09-25
transport,bennett university nearest metro station,bennett university nearest metro station f,nearest metro station from bennett university,2026-09-25
transport,bennett university nearest metro station,bennett university nearest metro station f,nearest metro station from bennett university greater noida,2026-09-25
transport,bennett university nearest metro station,bennett university nearest metro station k,bennett university ke nearest metro station,2026-09-25
transport,bennett university nearest metro station,bennett university nearest metro station l,bennett university location nearest metro station,2026-09-25
transport,bennett university nearest metro station,bennett university nearest metro station l,bennett university timings,2026-09-25
transport,bennett university nearest metro station,bennett university nearest metro station n,nearest metro station near bennett university,2026-09-25
transport,bennett university nearest metro station,bennett university nearest metro station o,nearest metro station of bennett university,2026-09-25
transport,bennett university nearest metro station,bennett university nearest metro station t,bennett university to nearest metro station,2026-09-25
transport,bennett university nearest metro station,bennett university nearest metro station t,nearest metro station to bennett university greater noida,2026-09-25
transport,bennett university nearest metro station,bennett university nearest metro station t,nearest metro station to bennett university noida,2026-09-25
transport,bennett university nearest metro station,bennett university nearest metro station t,nearest metro station to bennett university distance,2026-09-25
transport,knowledge park 2 metro station,knowledge park 2 metro station,knowledge park 2 metro station,2026-09-25
transport,knowledge park 2 metro station,knowledge park 2 metro station,knowledge park 2 metro station route,2026-09-25
transport,knowledge park 2 metro station,knowledge park 2 metro station,knowledge park 2 metro station to sector 51,2026-09-25
transport,knowledge park 2 metro station,knowledge park 2 metro station,knowledge park 2 metro station to galgotias university distance,2026-09-25
transport,knowledge park 2 metro station,knowledge park 2 metro station,knowledge park 2 metro station to noida electronic city,2026-09-25
transport,knowledge park 2 metro station,knowledge park 2 metro station,knowledge park 2 metro station to gl bajaj distance,2026-09-25
transport,knowledge park 2 metro station,knowledge park 2 metro station,knowledge park 2 metro station to shaheed sthal metro station,2026-09-25
transport,knowledge park 2 metro station,knowledge park 2 metro station,knowledge park 2 metro station to vaishali metro station,2026-09-25
transport,knowledge park 2 metro station,knowledge park 2 metro station,knowledge park 2 metro station to iilm university distance,2026-09-25
transport,knowledge park 2 metro station,knowledge park 2 metro station,knowledge park 2 metro station to electronic city,2026-09-25
transport,pari chowk to,pari chowk to,pari chowk to galgotias university distance,2026-09-25
transport,pari chowk to,pari chowk to,pari chowk to botanical garden,2026-09-25
transport,pari chowk to,pari chowk to,pari chowk to sector 51,2026-09-25
transport,pari chowk to,pari chowk to,pari chowk to jewar airport distance,2026-09-25
transport,pari chowk to,pari chowk to,pari chowk to sector 62 distance,2026-09-25
transport,pari chowk to,pari chowk to,pari chowk to bennett university distance,2026-09-25
transport,pari chowk to,pari chowk to,pari chowk to anand vihar metro,2026-09-25
transport,pari chowk to,pari chowk to,pari chowk to sector 62,2026-09-25
transport,pari chowk to,pari chowk to,pari chowk to vaishali metro route,2026-09-25
transport,pari chowk to,pari chowk to,pari chowk to shaheed sthal metro,2026-09-25
transport,pari chowk to,pari chowk to a,pari chowk to agra bus,2026-09-25
transport,pari chowk to,pari chowk to a,pari chowk to agra distance,2026-09-25
transport,pari chowk to,pari chowk to a,pari chowk to aligarh distance,2026-09-25
transport,pari chowk to,pari chowk to a,pari chowk to anand vihar distance,2026-09-25
transport,pari chowk to,pari chowk to a,pari chowk to akshardham metro,2026-09-25
transport,pari chowk to,pari chowk to a,pari chowk to akshardham,2026-09-25
transport,pari chowk to,pari chowk to a,pari chowk to aligarh bus,2026-09-25
transport,pari chowk to,pari chowk to a,pari chowk to anand vihar railway station distance,2026-09-25
transport,pari chowk to,pari chowk to a,pari chowk to anand vihar metro route,2026-09-25
transport,pari chowk to,pari chowk to b,pari chowk to botanical garden bus,2026-09-25
transport,pari chowk to,pari chowk to b,pari chowk to botanical garden metro route,2026-09-25
transport,pari chowk to,pari chowk to b,pari chowk to botanical garden distance,2026-09-25
transport,pari chowk to,pari chowk to b,pari chowk to bennett university,2026-09-25
transport,pari chowk to,pari chowk to b,pari chowk to bulandshahr distance,2026-09-25
transport,pari chowk to,pari chowk to b,pari chowk to botanical garden bus timing,2026-09-25
transport,pari chowk to,pari chowk to b,pari chowk to botanical garden metro,2026-09-25
transport,pari chowk to,pari chowk to b,pari chowk to barsana bus timings,2026-09-25
transport,pari chowk to,pari chowk to c,pari chowk to chandni chowk metro,2026-09-25
transport,pari chowk to,pari chowk to c,pari chowk to chandni chowk metro route,2026-09-25
transport,pari chowk to,pari chowk to c,pari chowk to chandni chowk,2026-09-25
transport,pari chowk to,pari chowk to c,pari chowk to chattarpur,2026-09-25
transport,pari chowk to,pari chowk to c,pari chowk to connaught place metro,2026-09-25
transport,pari chowk to,pari chowk to c,pari chowk to cp metro route,2026-09-25
transport,pari chowk to,pari chowk to c,pari chowk to chandigarh bus,2026-09-25
transport,pari chowk to,pari chowk to c,pari chowk to civil lines metro,2026-09-25
transport,pari chowk to,pari chowk to c,pari chowk to chandni chowk distance,2026-09-25
transport,pari chowk to,pari chowk to c,pari chowk to chhatarpur metro station,2026-09-25
transport,pari chowk to,pari chowk to d,pari chowk to delta 1 metro,2026-09-25
transport,pari chowk to,pari chowk to d,pari chowk to dwarka metro,2026-09-25
transport,pari chowk to,pari chowk to d,pari chowk to delta 1,2026-09-25
transport,pari chowk to,pari chowk to d,pari chowk to dilshad garden metro,2026-09-25
transport,pari chowk to,pari chowk to d,pari chowk to dadri railway station distance,2026-09-25
transport,pari chowk to,pari chowk to d,pari chowk to delhi metro,2026-09-25
transport,pari chowk to,pari chowk to d,pari chowk to dwarka mor,2026-09-25
transport,pari chowk to,pari chowk to d,pari chowk to dadri distance,2026-09-25
transport,pari chowk to,pari chowk to d,pari chowk to delhi cantt metro route,2026-09-25
transport,pari chowk to,pari chowk to d,pari chowk to dilshad garden,2026-09-25
transport,pari chowk to,pari chowk to e,pari chowk to electronic city metro route,2026-09-25
transport,pari chowk to,pari chowk to e,pari chowk to electronic city metro,2026-09-25
transport,pari chowk to,pari chowk to e,pari chowk to etah bus,2026-09-25
transport,pari chowk to,pari chowk to e,pari chowk to etawah bus,2026-09-25
transport,pari chowk to,pari chowk to e,pari chowk to electronic city,2026-09-25
transport,pari chowk to,pari chowk to e,pari chowk to etawah distance,2026-09-25
transport,pari chowk to,pari chowk to e,pari chowk to etah bus timings,2026-09-25
transport,pari chowk to,pari chowk to e,pari chowk to etawah bus upsrtc,2026-09-25
transport,pari chowk to,pari chowk to e,pari chowk to etah distance,2026-09-25
transport,pari chowk to,pari chowk to e,pari chowk to etah,2026-09-25
transport,pari chowk to,pari chowk to f,pari chowk to faridabad metro,2026-09-25
transport,pari chowk to,pari chowk to f,pari chowk to faridabad,2026-09-25
transport,pari chowk to,pari chowk to f,pari chowk to faridabad metro route,2026-09-25
transport,pari chowk to,pari chowk to f,pari chowk to farrukhabad bus,2026-09-25
transport,pari chowk to,pari chowk to f,pari chowk to firozabad distance,2026-09-25
transport,pari chowk to,pari chowk to f,pari chowk to firozabad bus,2026-09-25
transport,pari chowk to,pari chowk to f,pari chowk to faridabad bus,2026-09-25
transport,pari chowk to,pari chowk to f,pari chowk to farrukhabad distance,2026-09-25
transport,pari chowk to,pari chowk to f,pari chowk to firozabad,2026-09-25
transport,pari chowk to,pari chowk to f,pari chowk to fortis hospital distance,2026-09-25
transport,pari chowk to,pari chowk to g,pari chowk to gl bajaj distance,2026-09-25
transport,pari chowk to,pari chowk to g,pari chowk to ghaziabad metro route,2026-09-25
transport,pari chowk to,pari chowk to g,pari chowk to gaur city mall,2026-09-25
transport,pari chowk to,pari chowk to g,pari chowk to galgotias university,2026-09-25
transport,pari chowk to,pari chowk to g,pari chowk to ghaziabad,2026-09-25
transport,pari chowk to,pari chowk to g,pari chowk to ghaziabad distance,2026-09-25
transport,pari chowk to,pari chowk to g,pari chowk to ghaziabad railway station distance,2026-09-25
transport,pari chowk to,pari chowk to g,pari chowk to gurgaon distance,2026-09-25
transport,pari chowk to,pari chowk to g,pari chowk to gurgaon metro route,2026-09-25
transport,pari chowk to,pari chowk to h,pari chowk to haridwar distance,2026-09-25
transport,pari chowk to,pari chowk to h,pari chowk to huda city centre,2026-09-25
transport,pari chowk to,pari chowk to h,pari chowk to hauz khas metro,2026-09-25
transport,pari chowk to,pari chowk to h,pari chowk to hazrat nizamuddin metro,2026-09-25
transport,pari chowk to,pari chowk to h,pari chowk to hathras bus timing,2026-09-25
transport,pari chowk to,pari chowk to h,pari chowk to haridwar bus,2026-09-25
transport,pari chowk to,pari chowk to h,pari chowk to hapur new highway,2026-09-25
transport,pari chowk to,pari chowk to h,pari chowk to huda city centre metro,2026-09-25
transport,pari chowk to,pari chowk to h,pari chowk to huda city centre metro route,2026-09-25
transport,pari chowk to,pari chowk to h,pari chowk to hauz khas,2026-09-25
transport,pari chowk to,pari chowk to i,pari chowk to iffco chowk metro,2026-09-25
transport,pari chowk to,pari chowk to i,pari chowk to iimt college distance,2026-09-25
transport,pari chowk to,pari chowk to i,pari chowk to isbt kashmiri gate,2026-09-25
transport,pari chowk to,pari chowk to i,pari chowk to india gate metro route,2026-09-25
transport,pari chowk to,pari chowk to i,pari chowk to iilm university greater noida,2026-09-25
transport,pari chowk to,pari chowk to i,pari chowk to igi airport,2026-09-25
transport,pari chowk to,pari chowk to i,pari chowk to india gate metro,2026-09-25
transport,pari chowk to,pari chowk to i,pari chowk to iffco chowk metro route,2026-09-25
transport,pari chowk to,pari chowk to i,pari chowk to iffco chowk,2026-09-25
transport,pari chowk to,pari chowk to i,pari chowk to indira gandhi airport,2026-09-25
transport,pari chowk to,pari chowk to j,pari chowk to jewar distance,2026-09-25
transport,pari chowk to,pari chowk to j,pari chowk to jaipur bus,2026-09-25
transport,pari chowk to,pari chowk to j,pari chowk to jahangirpuri metro,2026-09-25
transport,pari chowk to,pari chowk to j,pari chowk to jama masjid metro,2026-09-25
transport,pari chowk to,pari chowk to j,pari chowk to jaipur distance,2026-09-25
transport,pari chowk to,pari chowk to j,pari chowk to janpath metro,2026-09-25
transport,pari chowk to,pari chowk to j,pari chowk to jewar bus timings,2026-09-25
transport,pari chowk to,pari chowk to j,pari chowk to jewar bus,2026-09-25
transport,pari chowk to,pari chowk to j,pari chowk to janakpuri west,2026-09-25
transport,pari chowk to,pari chowk to k,pari chowk to knowledge park 2,2026-09-25
transport,pari chowk to,pari chowk to k,pari chowk to kashmere gate,2026-09-25
transport,pari chowk to,pari chowk to k,pari chowk to kasna distance,2026-09-25
transport,pari chowk to,pari chowk to k,pari chowk to khatu shyam distance,2026-09-25
transport,pari chowk to,pari chowk to k,pari chowk to knowledge park 2 distance,2026-09-25
transport,pari chowk to,pari chowk to k,pari chowk to knowledge park 3 distance,2026-09-25
transport,pari chowk to,pari chowk to k,pari chowk to karol bagh,2026-09-25
transport,pari chowk to,pari chowk to k,pari chowk to kanpur bus,2026-09-25
transport,pari chowk to,pari chowk to k,pari chowk to kaushambi metro,2026-09-25
transport,pari chowk to,pari chowk to k,pari chowk to kalindi kunj,2026-09-25
transport,pari chowk to,pari chowk to l,pari chowk to lal kuan ghaziabad distance,2026-09-25
transport,pari chowk to,pari chowk to l,pari chowk to laxmi nagar metro,2026-09-25
transport,pari chowk to,pari chowk to l,pari chowk to lucknow bus,2026-09-25
transport,pari chowk to,pari chowk to l,pari chowk to lucknow distance,2026-09-25
transport,pari chowk to,pari chowk to l,pari chowk to lajpat nagar metro route,2026-09-25
transport,pari chowk to,pari chowk to l,pari chowk to lajpat nagar metro,2026-09-25
transport,pari chowk to,pari chowk to l,pari chowk to lucknow bus ticket price,2026-09-25
transport,pari chowk to,pari chowk to l,pari chowk to lal quila,2026-09-25
transport,pari chowk to,pari chowk to l,pari chowk to laxmi nagar,2026-09-25
transport,pari chowk to,pari chowk to l,pari chowk to lotus temple metro route,2026-09-25
transport,pari chowk to,pari chowk to m,pari chowk to mathura distance,2026-09-25
transport,pari chowk to,pari chowk to m,pari chowk to mathura bus,2026-09-25
transport,pari chowk to,pari chowk to m,pari chowk to mohan nagar metro route,2026-09-25
transport,pari chowk to,pari chowk to m,pari chowk to millennium city centre metro,2026-09-25
transport,pari chowk to,pari chowk to m,pari chowk to meerut metro route,2026-09-25
transport,pari chowk to,pari chowk to m,pari chowk to mathura bus ticket price,2026-09-25
transport,pari chowk to,pari chowk to m,pari chowk to mathura,2026-09-25
transport,pari chowk to,pari chowk to m,pari chowk to meerut distance,2026-09-25
transport,pari chowk to,pari chowk to m,pari chowk to mohan nagar metro,2026-09-25
transport,pari chowk to,pari chowk to m,pari chowk to meerut,2026-09-25
transport,pari chowk to,pari chowk to n,pari chowk to noida electronic city,2026-09-25
transport,pari chowk to,pari chowk to n,pari chowk to new delhi railway station distance,2026-09-25
transport,pari chowk to,pari chowk to n,pari chowk to new delhi metro,2026-09-25
transport,pari chowk to,pari chowk to n,pari chowk to noida international university distance,2026-09-25
transport,pari chowk to,pari chowk to n,pari chowk to nsez metro,2026-09-25
transport,pari chowk to,pari chowk to n,pari chowk to noida sector 62,2026-09-25
transport,pari chowk to,pari chowk to n,pari chowk to new ashok nagar metro,2026-09-25
transport,pari chowk to,pari chowk to n,pari chowk to nangloi metro route,2026-09-25
transport,pari chowk to,pari chowk to n,pari chowk to nizamuddin railway station distance,2026-09-25
transport,pari chowk to,pari chowk to n,pari chowk to nehru place metro route,2026-09-25
transport,pari chowk to,pari chowk to o,pari chowk to okhla bird sanctuary metro,2026-09-25
transport,pari chowk to,pari chowk to o,pari chowk to okhla bird sanctuary,2026-09-25
transport,pari chowk to,pari chowk to o,pari chowk to old delhi metro,2026-09-25
transport,pari chowk to,pari chowk to o,pari chowk to old delhi railway station distance,2026-09-25
transport,pari chowk to,pari chowk to o,pari chowk to omaxe mall distance,2026-09-25
transport,pari chowk to,pari chowk to o,pari chowk to orai bus,2026-09-25
transport,pari chowk to,pari chowk to o,pari chowk to old faridabad,2026-09-25
transport,pari chowk to,pari chowk to o,pari chowk to old faridabad metro route,2026-09-25
transport,pari chowk to,pari chowk to o,pari chowk to okhla vihar metro,2026-09-25
transport,pari chowk to,pari chowk to o,pari chowk to okhla metro,2026-09-25
transport,pari chowk to,pari chowk to p,pari chowk to patel nagar metro,2026-09-25
transport,pari chowk to,pari chowk to p,pari chowk to palam metro,2026-09-25
transport,pari chowk to,pari chowk to p,pari chowk to palwal distance,2026-09-25
transport,pari chowk to,pari chowk to p,pari chowk to palam metro route,2026-09-25
transport,pari chowk to,pari chowk to p,pari chowk to patel chowk metro,2026-09-25
transport,pari chowk to,pari chowk to p,pari chowk to preet vihar metro,2026-09-25
transport,pari chowk to,pari chowk to p,pari chowk to pitampura metro,2026-09-25
transport,pari chowk to,pari chowk to p,pari chowk to palam,2026-09-25
transport,pari chowk to,pari chowk to p,pari chowk to phase 2 distance,2026-09-25
transport,pari chowk to,pari chowk to p,pari chowk to panipat distance,2026-09-25
transport,pari chowk to,pari chowk to q,pari chowk to qutub minar,2026-09-25
transport,pari chowk to,pari chowk to q,pari chowk to qutab minar metro route,2026-09-25
transport,pari chowk to,pari chowk to q,pari chowk to qutab minar metro,2026-09-25
transport,pari chowk to,pari chowk to q,pari chowk to qutub minar distance,2026-09-25
transport,pari chowk to,pari chowk to q,pari chowk to qutub minar metro,2026-09-25
transport,pari chowk to,pari chowk to q,pari chowk to lal quila metro route,2026-09-25
transport,pari chowk to,pari chowk to q,pari chowk to lal quila metro,2026-09-25
transport,pari chowk to,pari chowk to q,pari chowk to lal quila distance,2026-09-25
transport,pari chowk to,pari chowk to q,pari chowk to purana quila metro route,2026-09-25
transport,pari chowk to,pari chowk to r,pari chowk to rajiv chowk metro,2026-09-25
transport,pari chowk to,pari chowk to r,pari chowk to rajiv chowk metro route,2026-09-25
transport,pari chowk to,pari chowk to r,pari chowk to rithala metro,2026-09-25
transport,pari chowk to,pari chowk to r,pari chowk to rajiv chowk,2026-09-25
transport,pari chowk to,pari chowk to r,pari chowk to raj nagar extension metro,2026-09-25
transport,pari chowk to,pari chowk to r,pari chowk to rohini west metro route,2026-09-25
transport,pari chowk to,pari chowk to r,pari chowk to raja nahar singh,2026-09-25
transport,pari chowk to,pari chowk to r,pari chowk to rithala metro route,2026-09-25
transport,pari chowk to,pari chowk to r,pari chowk to rishikesh distance,2026-09-25
transport,pari chowk to,pari chowk to r,pari chowk to rajouri garden,2026-09-25
transport,pari chowk to,pari chowk to s,pari chowk to sarojini nagar metro,2026-09-25
transport,pari chowk to,pari chowk to s,pari chowk to sector 18,2026-09-25
transport,pari chowk to,pari chowk to s,pari chowk to sharda university distance,2026-09-25
transport,pari chowk to,pari chowk to s,pari chowk to shaheed sthal,2026-09-25
transport,pari chowk to,pari chowk to s,pari chowk to shaheed sthal metro route,2026-09-25
transport,pari chowk to,pari chowk to s,pari chowk to sector 52,2026-09-25
transport,pari chowk to,pari chowk to t,pari chowk to tilak nagar metro,2026-09-25
transport,pari chowk to,pari chowk to t,pari chowk to tilapta chowk distance,2026-09-25
transport,pari chowk to,pari chowk to t,pari chowk to terminal 1,2026-09-25
transport,pari chowk to,pari chowk to t,pari chowk to tilak nagar metro route,2026-09-25
transport,pari chowk to,pari chowk to t,pari chowk to the grand venice mall,2026-09-25
transport,pari chowk to,pari chowk to t,pari chowk to tughlakabad metro,2026-09-25
transport,pari chowk to,pari chowk to t,pari chowk to jabalpur distance,2026-09-25
transport,pari chowk to,pari chowk to t,pari chowk to trilokpuri metro station,2026-09-25
transport,pari chowk to,pari chowk to t,pari chowk to tugalpur,2026-09-25
transport,pari chowk to,pari chowk to t,pari chowk to terminal 1 metro,2026-09-25
transport,pari chowk to,pari chowk to u,pari chowk to uttam nagar metro,2026-09-25
transport,pari chowk to,pari chowk to u,pari chowk to uttam nagar east metro,2026-09-25
transport,pari chowk to,pari chowk to u,pari chowk to ujjain bus,2026-09-25
transport,pari chowk to,pari chowk to u,pari chowk to uttam nagar,2026-09-25
transport,pari chowk to,pari chowk to u,pari chowk to uttam nagar distance,2026-09-25
transport,pari chowk to,pari chowk to u,pari chowk to uttam nagar east,2026-09-25
transport,pari chowk to,pari chowk to u,pari chowk to uttam nagar west,2026-09-25
transport,pari chowk to,pari chowk to u,pari chowk to uttam nagar metro route,2026-09-25
transport,pari chowk to,pari chowk to u,pari chowk to ujjain distance,2026-09-25
transport,pari chowk to,pari chowk to u,pari chowk to ujjain,2026-09-25
transport,pari chowk to,pari chowk to v,pari chowk to venice mall,2026-09-25
transport,pari chowk to,pari chowk to v,pari chowk to venice mall distance,2026-09-25
transport,pari chowk to,pari chowk to v,pari chowk to vrindavan distance,2026-09-25
transport,pari chowk to,pari chowk to v,pari chowk to vrindavan bus,2026-09-25
transport,pari chowk to,pari chowk to v,pari chowk to vaishali,2026-09-25
transport,pari chowk to,pari chowk to v,pari chowk to vaishali metro,2026-09-25
transport,pari chowk to,pari chowk to v,pari chowk to vrindavan,2026-09-25
transport,pari chowk to,pari chowk to v,pari chowk to vishwavidyalaya metro,2026-09-25
transport,pari chowk to,pari chowk to v,pari chowk to vrindavan bus fare,2026-09-25
transport,pari chowk to,pari chowk to w,pari chowk to wave city centre metro,2026-09-25
transport,pari chowk to,pari chowk to w,pari chowk to wazirabad metro route,2026-09-25
transport,pari chowk to,pari chowk to w,pari chowk to west vinod nagar,2026-09-25
transport,pari chowk to,pari chowk to w,pari chowk to welcome,2026-09-25
transport,pari chowk to,pari chowk to w,pari chowk to welcome metro route,2026-09-25
transport,pari chowk to,pari chowk to w,pari chowk to wave city ghaziabad distance,2026-09-25
transport,pari chowk to,pari chowk to w,pari chowk to welcome metro station,2026-09-25
transport,pari chowk to,pari chowk to w,pari chowk to wave city centre,2026-09-25
transport,pari chowk to,pari chowk to w,pari chowk to wazirabad distance,2026-09-25
transport,pari chowk to,pari chowk to w,pari chowk to wipro office greater noida,2026-09-25
transport,pari chowk to,pari chowk to x,xu 3 to pari chowk distance,2026-09-25
transport,pari chowk to,pari chowk to x,pari chowk to xu 2 distance,2026-09-25
transport,pari chowk to,pari chowk to x,pari chowk to xu 1 distance,2026-09-25
transport,pari chowk to,pari chowk to x,pari chowk to xu 2,2026-09-25
transport,pari chowk to,pari chowk to x,pari chowk to xu 3,2026-09-25
transport,pari chowk to,pari chowk to x,how to reach pari chowk by metro,2026-09-25
transport,pari chowk to,pari chowk to x,pari chowk near metro station,2026-09-25
transport,pari chowk to,pari chowk to x,nearest metro to pari chowk,2026-09-25
transport,pari chowk to,pari chowk to x,is pari chowk metro station working,2026-09-25
transport,pari chowk to,pari chowk to x,pari chowk last metro time,2026-09-25
transport,pari chowk to,pari chowk to y,pari chowk to yatharth hospital distance,2026-09-25
transport,pari chowk to,pari chowk to y,pari chowk to yamuna bank,2026-09-25
transport,pari chowk to,pari chowk to y,pari chowk to yamuna vihar metro route,2026-09-25
transport,pari chowk to,pari chowk to y,pari chowk to yamuna bank metro route,2026-09-25
transport,pari chowk to,pari chowk to y,pari chowk to yamuna expressway,2026-09-25
transport,pari chowk to,pari chowk to y,pari chowk to yamuna gaur city,2026-09-25
transport,pari chowk to,pari chowk to y,pari chowk to yashobhoomi metro,2026-09-25
transport,pari chowk to,pari chowk to y,pari chowk to yashobhoomi dwarka sector 25,2026-09-25
transport,pari chowk to,pari chowk to y,pari chowk to yamuna expressway distance,2026-09-25
transport,pari chowk to,pari chowk to y,pari chowk from my location,2026-09-25
transport,pari chowk to,pari chowk to z,pari chowk to zero point,2026-09-25
transport,pari chowk to,pari chowk to z,pari chowk to zero point distance,2026-09-25
transport,pari chowk to,pari chowk to z,pari chowk to zero point noida distance,2026-09-25
transport,pari chowk to,pari chowk to z,pari chowk to zero point greater noida distance,2026-09-25
transport,pari chowk to,pari chowk to z,pari chowk to zeta 1 distance,2026-09-25
transport,pari chowk to,pari chowk to z,pari chowk to zero point bus stand distance,2026-09-25
transport,pari chowk to,pari chowk to z,pari chowk to zero point yamuna expressway distance,2026-09-25
transport,pari chowk to,pari chowk to z,pari chowk to zudio distance,2026-09-25
transport,pari chowk to,pari chowk to z,pari chowk to zeta 1,2026-09-25
transport,pari chowk to,pari chowk to z,pari chowk to zero point greater noida,2026-09-25
transport,knowledge park to,knowledge park to,knowledge park to sector 51,2026-09-25
transport,knowledge park to,knowledge park to,knowledge park to galgotias university distance,2026-09-25
transport,knowledge park to,knowledge park to,knowledge park to botanical garden,2026-09-25
transport,knowledge park to,knowledge park to,knowledge park to anand vihar metro,2026-09-25
transport,knowledge park to,knowledge park to,knowledge park to noida electronic city,2026-09-25
transport,knowledge park to,knowledge park to,knowledge park to rajiv chowk,2026-09-25
transport,knowledge park to,knowledge park to,knowledge park to vaishali metro,2026-09-25
transport,knowledge park to,knowledge park to,knowledge park to pari chowk,2026-09-25
transport,knowledge park to,knowledge park to,knowledge park to sector 52,2026-09-25
transport,knowledge park to,knowledge park to,knowledge park to new delhi metro,2026-09-25
transport,knowledge park to,knowledge park to a,knowledge park to alpha 1,2026-09-25
transport,knowledge park to,knowledge park to a,knowledge park to akshardham metro,2026-09-25
transport,knowledge park to,knowledge park to a,knowledge park to anand vihar,2026-09-25
transport,knowledge park to,knowledge park to a,knowledge park to akshardham,2026-09-25
transport,knowledge park to,knowledge park to a,knowledge park to alpha 1 metro,2026-09-25
transport,knowledge park to,knowledge park to a,knowledge park to anand vihar metro route,2026-09-25
transport,knowledge park to,knowledge park to a,knowledge park to alpha 2,2026-09-25
transport,knowledge park to,knowledge park to a,knowledge park to ashok nagar,2026-09-25
transport,knowledge park to,knowledge park to a,knowledge park to azadpur,2026-09-25
transport,knowledge park to,knowledge park to b,knowledge park to botanical garden metro,2026-09-25
transport,knowledge park to,knowledge park to b,knowledge park to bennett university,2026-09-25
transport,knowledge park to,knowledge park to b,knowledge park to botanical garden distance,2026-09-25
transport,knowledge park to,knowledge park to b,knowledge park to bata chowk metro,2026-09-25
transport,knowledge park to,knowledge park to b,knowledge park to badarpur border,2026-09-25
transport,knowledge park to,knowledge park to b,knowledge park to botanical,2026-09-25
transport,knowledge park to,knowledge park to b,knowledge park to botanical garden bus,2026-09-25
transport,knowledge park to,knowledge park to b,knowledge park to botanical garden metro route,2026-09-25
transport,knowledge park to,knowledge park to b,knowledge park to badarpur border metro route,2026-09-25
transport,knowledge park to,knowledge park to c,knowledge park to chandni chowk metro,2026-09-25
transport,knowledge park to,knowledge park to c,knowledge park to chandni chowk,2026-09-25
transport,knowledge park to,knowledge park to c,knowledge park to chirag delhi,2026-09-25
transport,knowledge park to,knowledge park to c,knowledge park to chhattarpur metro,2026-09-25
transport,knowledge park to,knowledge park to c,knowledge park to cp metro,2026-09-25
transport,knowledge park to,knowledge park to c,knowledge park to chhatarpur,2026-09-25
transport,knowledge park to,knowledge park to c,knowledge park to cp,2026-09-25
transport,knowledge park to,knowledge park to c,knowledge park to city centre,2026-09-25
transport,knowledge park to,knowledge park to c,knowledge park to central secretariat,2026-09-25
transport,knowledge park to,knowledge park to c,knowledge park 2 to knowledge park 3 distance,2026-09-25
transport,knowledge park to,knowledge park to d,knowledge park to delta 1,2026-09-25
transport,knowledge park to,knowledge park to d,knowledge park to depot station,2026-09-25
transport,knowledge park to,knowledge park to d,knowledge park to dwarka sector 21,2026-09-25
transport,knowledge park to,knowledge park to d,knowledge park to dwarka mor,2026-09-25
transport,knowledge park to,knowledge park to d,knowledge park to delhi metro,2026-09-25
transport,knowledge park to,knowledge park to d,knowledge park to dlf mall,2026-09-25
transport,knowledge park to,knowledge park to d,knowledge park to delhi gate,2026-09-25
transport,knowledge park to,knowledge park to d,knowledge park to dwarka metro,2026-09-25
transport,knowledge park to,knowledge park to d,knowledge park to delta 1 metro,2026-09-25
transport,knowledge park to,knowledge park to d,knowledge park to delhi cantt metro,2026-09-25
transport,knowledge park to,knowledge park to e,knowledge park to electronic city metro,2026-09-25
transport,knowledge park to,knowledge park to e,knowledge park to electronic city,2026-09-25
transport,knowledge park to,knowledge park to e,knowledge park to east azad nagar,2026-09-25
transport,knowledge park to,knowledge park to e,knowledge park 2 to expo mart distance,2026-09-25
transport,knowledge park to,knowledge park to e,knowledge park 2 to east azad nagar,2026-09-25
transport,knowledge park to,knowledge park to e,knowledge park to nehru enclave,2026-09-25
transport,knowledge park to,knowledge park to e,knowledge park to south ex,2026-09-25
transport,knowledge park to,knowledge park to e,knowledge park 2 to east vinod nagar,2026-09-25
transport,knowledge park to,knowledge park to e,knowledge park to ip extension,2026-09-25
transport,knowledge park to,knowledge park to e,knowledge park 2 to ecotech 3,2026-09-25
transport,knowledge park to,knowledge park to f,knowledge park to faridabad metro,2026-09-25
transport,knowledge park to,knowledge park to f,knowledge park to faridabad,2026-09-25
transport,knowledge park to,knowledge park to f,knowledge city to financial district,2026-09-25
transport,knowledge park to,knowledge park to f,knowledge park 2 to faridabad metro,2026-09-25
transport,knowledge park to,knowledge park to f,knowledge park 2 to faridabad distance,2026-09-25
transport,knowledge park to,knowledge park to f,knowledge park 2 to faridabad,2026-09-25
transport,knowledge park to,knowledge park to f,knowledge park to old faridabad,2026-09-25
transport,knowledge park to,knowledge park to f,knowledge park 3 to faridabad,2026-09-25
transport,knowledge park to,knowledge park to f,knowledge park to jagat farm,2026-09-25
transport,knowledge park to,knowledge park to f,knowledge park 2 to faridabad metro route,2026-09-25
transport,knowledge park to,knowledge park to g,knowledge park to gl bajaj distance,2026-09-25
transport,knowledge park to,knowledge park to g,knowledge park to ghaziabad metro,2026-09-25
transport,knowledge park to,knowledge park to g,knowledge park to govindpuri metro,2026-09-25
transport,knowledge park to,knowledge park to g,knowledge park to gaur city,2026-09-25
transport,knowledge park to,knowledge park to g,knowledge park to gl bajaj,2026-09-25
transport,knowledge park to,knowledge park to g,knowledge park to green park metro,2026-09-25
transport,knowledge park to,knowledge park to g,knowledge park to gautam buddha university distance,2026-09-25
transport,knowledge park to,knowledge park to g,knowledge park to gurgaon metro,2026-09-25
transport,knowledge park to,knowledge park to g,knowledge park to greater kailash,2026-09-25
transport,knowledge park to,knowledge park to h,knowledge park to hauz khas,2026-09-25
transport,knowledge park to,knowledge park to h,knowledge park to huda city centre,2026-09-25
transport,knowledge park to,knowledge park to h,knowledge park to hazrat nizamuddin metro,2026-09-25
transport,knowledge park to,knowledge park to h,knowledge park to huda city centre metro,2026-09-25
transport,knowledge park to,knowledge park to h,knowledge park to hauz khas metro,2026-09-25
transport,knowledge park to,knowledge park to h,hyderabad airport to knowledge city,2026-09-25
transport,knowledge park to,knowledge park to h,knowledge park 2 to hauz khas,2026-09-25
transport,knowledge park to,knowledge park to h,knowledge park 2 to hauz khas metro,2026-09-25
transport,knowledge park to,knowledge park to h,knowledge park 2 to hazrat nizamuddin metro,2026-09-25
transport,knowledge park to,knowledge park to h,knowledge park 2 to humayun tomb,2026-09-25
transport,knowledge park to,knowledge park to i,knowledge park to iffco chowk,2026-09-25
transport,knowledge park to,knowledge park to i,knowledge park to iilm distance,2026-09-25
transport,knowledge park to,knowledge park to i,knowledge park to iffco chowk metro,2026-09-25
transport,knowledge park to,knowledge park to i,knowledge park to india gate,2026-09-25
transport,knowledge park to,knowledge park to i,knowledge park to india expo mart,2026-09-25
transport,knowledge park to,knowledge park to i,knowledge park 2 to iimt college distance,2026-09-25
transport,knowledge park to,knowledge park to i,knowledge park 2 to iffco chowk,2026-09-25
transport,knowledge park to,knowledge park to i,knowledge park 2 to iffco chowk metro,2026-09-25
transport,knowledge park to,knowledge park to i,knowledge park 2 to ip extension,2026-09-25
transport,knowledge park to,knowledge park to j,knowledge park to jama masjid,2026-09-25
transport,knowledge park to,knowledge park to j,knowledge park to janakpuri west,2026-09-25
transport,knowledge park to,knowledge park to j,knowledge park to jama masjid metro,2026-09-25
transport,knowledge park to,knowledge park to j,knowledge park to janpath,2026-09-25
transport,knowledge park to,knowledge park to j,knowledge park to jamia,2026-09-25
transport,knowledge park to,knowledge park to j,knowledge park to janpath metro,2026-09-25
transport,knowledge park to,knowledge park to j,knowledge park to jahangirpuri,2026-09-25
transport,knowledge park to,knowledge park to j,knowledge park to jewar airport distance,2026-09-25
transport,knowledge park to,knowledge park to j,knowledge park to jln stadium metro,2026-09-25
transport,knowledge park to,knowledge park to j,knowledge park to jasola vihar shaheen bagh,2026-09-25
transport,knowledge park to,knowledge park to k,knowledge park to kashmere gate,2026-09-25
transport,knowledge park to,knowledge park to k,knowledge park to kalindi kunj metro,2026-09-25
transport,knowledge park to,knowledge park to k,knowledge park to karol bagh metro,2026-09-25
transport,knowledge park to,knowledge park to k,knowledge park to kashmere gate metro route,2026-09-25
transport,knowledge park to,knowledge park to k,knowledge park to karol bagh,2026-09-25
transport,knowledge park to,knowledge park to k,knowledge park to kalindi kunj,2026-09-25
transport,knowledge park to,knowledge park to k,knowledge park to karkarduma,2026-09-25
transport,knowledge park to,knowledge park to k,knowledge park to kailash colony,2026-09-25
transport,knowledge park to,knowledge park to k,knowledge park to kashmere gate metro,2026-09-25
transport,knowledge park to,knowledge park to k,knowledge park to kaushambi,2026-09-25
transport,knowledge park to,knowledge park to l,knowledge park to laxmi nagar,2026-09-25
transport,knowledge park to,knowledge park to l,knowledge park to lajpat nagar,2026-09-25
transport,knowledge park to,knowledge park to l,knowledge park to laxmi nagar metro,2026-09-25
transport,knowledge park to,knowledge park to l,knowledge park to lajpat nagar metro,2026-09-25
transport,knowledge park to,knowledge park to l,knowledge park to laxmi nagar metro route,2026-09-25
transport,knowledge park to,knowledge park to l,knowledge park to lloyd law college,2026-09-25
transport,knowledge park to,knowledge park to l,knowledge park to lal quila metro,2026-09-25
transport,knowledge park to,knowledge park to l,knowledge park to lodhi garden,2026-09-25
transport,knowledge park to,knowledge park to l,knowledge park to lotus temple,2026-09-25
transport,knowledge park to,knowledge park to l,knowledge park to laxmi nagar distance,2026-09-25
transport,knowledge park to,knowledge park to m,knowledge park to mayur vihar phase 1,2026-09-25
transport,knowledge park to,knowledge park to m,knowledge park to metro station,2026-09-25
transport,knowledge park to,knowledge park to m,knowledge park to millennium city centre,2026-09-25
transport,knowledge park to,knowledge park to m,knowledge park to metro,2026-09-25
transport,knowledge park to,knowledge park to m,knowledge park to mg road,2026-09-25
transport,knowledge park to,knowledge park to m,knowledge park to mg road metro,2026-09-25
transport,knowledge park to,knowledge park to m,knowledge park to majnu ka tila,2026-09-25
transport,knowledge park to,knowledge park to m,knowledge park to mandi house,2026-09-25
transport,knowledge park to,knowledge park to m,knowledge park to millennium city centre metro,2026-09-25
transport,knowledge park to,knowledge park to m,knowledge park to maujpur metro route,2026-09-25
transport,knowledge park to,knowledge park to n,knowledge park to noida sector 51,2026-09-25
transport,knowledge park to,knowledge park to n,knowledge park to new delhi railway station,2026-09-25
transport,knowledge park to,knowledge park to n,knowledge park to noida sector 62,2026-09-25
transport,knowledge park to,knowledge park to n,knowledge park to niu distance,2026-09-25
transport,knowledge park to,knowledge park to n,knowledge park to new ashok nagar,2026-09-25
transport,knowledge park to,knowledge park to n,knowledge park to nsez,2026-09-25
transport,knowledge park to,knowledge park to n,knowledge park to nizamuddin metro,2026-09-25
transport,knowledge park to,knowledge park to n,knowledge park to noida sector 18,2026-09-25
transport,knowledge park to,knowledge park to o,knowledge park to okhla bird sanctuary,2026-09-25
transport,knowledge park to,knowledge park to o,knowledge park to old delhi railway station,2026-09-25
transport,knowledge park to,knowledge park to o,knowledge park to old delhi metro,2026-09-25
transport,knowledge park to,knowledge park to o,knowledge park to old delhi,2026-09-25
transport,knowledge park to,knowledge park to o,knowledge city to ooty distance,2026-09-25
transport,knowledge park to,knowledge park to o,knowledge park 2 to okhla bird sanctuary,2026-09-25
transport,knowledge park to,knowledge park to o,knowledge park 2 to old delhi railway station,2026-09-25
transport,knowledge park to,knowledge park to o,knowledge park 2 to okhla bird sanctuary metro,2026-09-25
transport,knowledge park to,knowledge park to o,knowledge park 2 to old faridabad,2026-09-25
transport,knowledge park to,knowledge park to p,knowledge park to pari chowk metro,2026-09-25
transport,knowledge park to,knowledge park to p,knowledge park to pari chowk distance,2026-09-25
transport,knowledge park to,knowledge park to p,knowledge park to palam metro,2026-09-25
transport,knowledge park to,knowledge park to p,knowledge park to patel chowk,2026-09-25
transport,knowledge park to,knowledge park to p,knowledge park to preet vihar,2026-09-25
transport,knowledge park to,knowledge park to p,knowledge park to paschim vihar,2026-09-25
transport,knowledge park to,knowledge park to p,knowledge park to pragati maidan,2026-09-25
transport,knowledge park to,knowledge park to p,knowledge park to pari chowk metro route,2026-09-25
transport,knowledge park to,knowledge park to p,knowledge park 2 to pari chowk,2026-09-25
transport,knowledge park to,knowledge park to q,knowledge park to qutub minar,2026-09-25
transport,knowledge park to,knowledge park to q,knowledge park 2 to qutub minar,2026-09-25
transport,knowledge park to,knowledge park to q,knowledge park 2 to qutab minar metro,2026-09-25
transport,knowledge park to,knowledge park to q,knowledge park 2 to qutab minar metro route,2026-09-25
transport,knowledge park to,knowledge park to q,knowledge park to lal quila,2026-09-25
transport,knowledge park to,knowledge park to q,knowledge park qatar,2026-09-25
transport,knowledge park to,knowledge park to q,knowledge city q mart,2026-09-25
transport,knowledge park to,knowledge park to q,knowledge city qatar,2026-09-25
transport,knowledge park to,knowledge park to q,knowledge park 2 to lal quila metro,2026-09-25
transport,knowledge park to,knowledge park to r,knowledge park to rajiv chowk metro,2026-09-25
transport,knowledge park to,knowledge park to r,knowledge park to raja nahar singh,2026-09-25
transport,knowledge park to,knowledge park to r,knowledge park to rithala,2026-09-25
transport,knowledge park to,knowledge park to r,knowledge park to rithala metro route,2026-09-25
transport,knowledge park to,knowledge park to r,knowledge park to rajiv chowk metro route,2026-09-25
transport,knowledge park to,knowledge park to r,knowledge park to rajouri garden,2026-09-25
transport,knowledge park to,knowledge park to r,knowledge park to rohini west,2026-09-25
transport,knowledge park to,knowledge park to r,knowledge park to rk puram,2026-09-25
transport,knowledge park to,knowledge park to r,knowledge park to rk ashram,2026-09-25
transport,knowledge park to,knowledge park to s,knowledge park to sector 62,2026-09-25
transport,knowledge park to,knowledge park to s,knowledge park to shaheed sthal metro,2026-09-25
transport,knowledge park to,knowledge park to s,knowledge park to sarojini nagar,2026-09-25
transport,knowledge park to,knowledge park to s,knowledge park to sector 18,2026-09-25
transport,knowledge park to,knowledge park to s,knowledge park to sector 51 metro,2026-09-25
transport,knowledge park to,knowledge park to s,knowledge park to sector 18 metro,2026-09-25
transport,knowledge park to,knowledge park to s,knowledge park to sector 51 metro route,2026-09-25
transport,knowledge park to,knowledge park to s,knowledge park to sector 76,2026-09-25
transport,knowledge park to,knowledge park to t,knowledge park to tilak nagar,2026-09-25
transport,knowledge park to,knowledge park to t,knowledge park to terminal 1,2026-09-25
transport,knowledge park to,knowledge park to t,knowledge park to tis hazari metro,2026-09-25
transport,knowledge park to,knowledge park to t,knowledge park 2 to tughlakabad metro,2026-09-25
transport,knowledge park to,knowledge park to t,knowledge park 2 to tilak nagar,2026-09-25
transport,knowledge park to,knowledge park to t,knowledge park 2 to terminal 1,2026-09-25
transport,knowledge park to,knowledge park to t,knowledge park 2 to tilak nagar metro,2026-09-25
transport,knowledge park to,knowledge park to t,knowledge park 2 to tis hazari metro,2026-09-25
transport,knowledge park to,knowledge park to t,knowledge park 2 to tagore garden,2026-09-25
transport,knowledge park to,knowledge park to t,knowledge park 2 to tughlakabad metro route,2026-09-25
transport,knowledge park to,knowledge park to u,knowledge park to uttam nagar,2026-09-25
transport,knowledge park to,knowledge park to u,knowledge park to uttam nagar east,2026-09-25
transport,knowledge park to,knowledge park to u,knowledge park to uttam nagar west,2026-09-25
transport,knowledge park to,knowledge park to u,knowledge park 2 to uttam nagar east,2026-09-25
transport,knowledge park to,knowledge park to u,knowledge park 2 to uttam nagar west,2026-09-25
transport,knowledge park to,knowledge park to u,knowledge park to sharda university distance,2026-09-25
transport,knowledge park to,knowledge park to u,knowledge park to galgotias university,2026-09-25
transport,knowledge park to,knowledge park to u,knowledge park 2 to uttam nagar,2026-09-25
transport,knowledge park to,knowledge park to v,knowledge park to vaishali,2026-09-25
transport,knowledge park to,knowledge park to v,knowledge park to vishwavidyalaya,2026-09-25
transport,knowledge park to,knowledge park to v,knowledge park to vidhan sabha,2026-09-25
transport,knowledge park to,knowledge park to v,knowledge park to vidhan sabha metro,2026-09-25
transport,knowledge park to,knowledge park to v,knowledge park to vasant vihar,2026-09-25
transport,knowledge park to,knowledge park to v,knowledge park to vinobapuri,2026-09-25
transport,knowledge park to,knowledge park to v,knowledge park to vasant kunj,2026-09-25
transport,knowledge park to,knowledge park to v,knowledge park to venice mall,2026-09-25
transport,knowledge park to,knowledge park to v,knowledge park to venice mall distance,2026-09-25
transport,knowledge park to,knowledge park to w,knowledge park to welcome,2026-09-25
transport,knowledge park to,knowledge park to w,knowledge city to wayanad distance,2026-09-25
transport,knowledge park to,knowledge park to w,knowledge city to wayanad,2026-09-25
transport,knowledge park to,knowledge park to w,knowledge park 2 to welcome,2026-09-25
transport,knowledge park to,knowledge park to w,ibc knowledge park to whitefield distance,2026-09-25
transport,knowledge park to,knowledge park to w,knowledge park 2 to welcome metro,2026-09-25
transport,knowledge park to,knowledge park to w,ibc knowledge park to whitefield,2026-09-25
transport,knowledge park to,knowledge park to w,knowledge park to wave city centre,2026-09-25
transport,knowledge park to,knowledge park to y,knowledge park to yamuna bank,2026-09-25
transport,knowledge park to,knowledge park to y,knowledge park to yatharth hospital greater noida,2026-09-25
transport,knowledge park to,knowledge park to y,knowledge park to yatharth hospital distance,2026-09-25
transport,knowledge park to,knowledge park to y,knowledge park to yamuna expressway,2026-09-25
transport,knowledge park to,knowledge park to y,knowledge park 2 to yamuna bank,2026-09-25
transport,knowledge park to,knowledge park to y,knowledge park 2 to yashobhoomi metro,2026-09-25
transport,knowledge park to,knowledge park to y,knowledge park 2 to yatharth hospital distance,2026-09-25
transport,knowledge park to,knowledge park to y,knowledge park 2 to yatharth hospital greater noida,2026-09-25
transport,knowledge park to,knowledge park to y,ibc knowledge park to yeshwantpur railway station,2026-09-25
transport,knowledge park to,knowledge park to y,knowledge park 2 to yamuna vihar,2026-09-25
transport,knowledge park to,knowledge park to z,knowledge park to zero point distance,2026-09-25
transport,knowledge park to,knowledge park to z,knowledge park to zero point,2026-09-25
transport,knowledge park to,knowledge park to z,knowledge park 2 to zero point distance,2026-09-25
transport,knowledge park to,knowledge park to z,knowledge park 2 to zeta 1,2026-09-25
transport,knowledge park to,knowledge park to z,knowledge park 2 to zero point greater noida,2026-09-25
transport,knowledge park to,knowledge park to z,knowledge park 3 to zero point distance,2026-09-25
transport,knowledge park to,knowledge park to z,knowledge park 2 to zero point,2026-09-25
transport,knowledge park to,knowledge park to z,knowledge park 3 to zeta 1 distance,2026-09-25
transport,knowledge park to,knowledge park to z,knowledge park 3 to zeta 1,2026-09-25
transport,knowledge park to,knowledge park to z,knowledge park zudio,2026-09-25
transport,greater noida metro,greater noida metro,greater noida metro route,2026-09-25
transport,greater noida metro,greater noida metro,greater noida metro,2026-09-25
transport,greater noida metro,greater noida metro,greater noida metro station,2026-09-25
transport,greater noida metro,greater noida metro,greater noida metro map,2026-09-25
transport,greater noida metro,greater noida metro,greater noida metro timings,2026-09-25
transport,greater noida metro,greater noida metro,greater noida metro news,2026-09-25
transport,greater noida metro,greater noida metro,greater noida metro route map,2026-09-25
transport,greater noida metro,greater noida metro,greater noida metro station list,2026-09-25
transport,greater noida metro,greater noida metro,greater noida metro line,2026-09-25
transport,greater noida metro,greater noida metro,greater noida metro ticket online,2026-09-25
transport,greater noida metro,greater noida metro a,greater noida metro app,2026-09-25
transport,greater noida metro,greater noida metro a,greater noida metro aqua line,2026-09-25
transport,greater noida metro,greater noida metro a,greater noida authority metro station,2026-09-25
transport,greater noida metro,greater noida metro a,greater noida all metro station,2026-09-25
transport,greater noida metro,greater noida metro a,greater noida alpha metro station,2026-09-25
transport,greater noida metro,greater noida metro a,greater noida west metro approval,2026-09-25
transport,greater noida metro,greater noida metro a,greater noida metro to airport,2026-09-25
transport,greater noida metro,greater noida metro a,greater noida to akshardham metro distance,2026-09-25
transport,greater noida metro,greater noida metro a,greater noida to akshardham metro,2026-09-25
transport,greater noida metro,greater noida metro a,greater noida to aiims metro route,2026-09-25
transport,greater noida metro,greater noida metro b,greater noida metro booking,2026-09-25
transport,greater noida metro,greater noida metro b,greater noida by metro,2026-09-25
transport,greater noida metro,greater noida metro b,greater noida by metro route,2026-09-25
transport,greater noida metro,greater noida metro b,greater noida bodaki metro line,2026-09-25
transport,greater noida metro,greater noida metro b,greater noida metro ticket booking,2026-09-25
transport,greater noida metro,greater noida metro b,greater noida metro kitne baje chalti hai,2026-09-25
transport,greater noida metro,greater noida metro b,greater noida metro kitne baje tak chalti hai,2026-09-25
transport,greater noida metro,greater noida metro b,greater noida to bahadurgarh metro,2026-09-25
transport,greater noida metro,greater noida metro b,greater noida near by metro station,2026-09-25
transport,greater noida metro,greater noida metro b,greater noida to ballabgarh metro,2026-09-25
transport,greater noida metro,greater noida metro c,greater noida metro card,2026-09-25
transport,greater noida metro,greater noida metro c,greater noida metro closing time,2026-09-25
transport,greater noida metro,greater noida metro c,greater noida metro card apply online,2026-09-25
transport,greater noida metro,greater noida metro c,greater noida metro card apply,2026-09-25
transport,greater noida metro,greater noida metro c,greater noida metro change,2026-09-25
transport,greater noida metro,greater noida metro c,greater noida metro card price,2026-09-25
transport,greater noida metro,greater noida metro c,greater noida metro connectivity,2026-09-25
transport,greater noida metro,greater noida metro c,greater noida metro connect to blue line,2026-09-25
transport,greater noida metro,greater noida metro c,greater noida metro card recharge,2026-09-25
transport,greater noida metro,greater noida metro c,greater noida metro college,2026-09-25
transport,greater noida metro,greater noida metro d,greater noida metro depot,2026-09-25
transport,greater noida metro,greater noida metro d,greater noida metro depot station,2026-09-25
transport,greater noida metro,greater noida metro d,greater noida metro distance,2026-09-25
transport,greater noida metro,greater noida metro d,greater noida metro dpr,2026-09-25
transport,greater noida metro,greater noida metro d,greater noida delta metro station,2026-09-25
transport,greater noida metro,greater noida metro d,greater noida depot metro station to bennett university distance,2026-09-25
transport,greater noida metro,greater noida metro d,greater noida delhi metro,2026-09-25
transport,greater noida metro,greater noida metro d,greater noida delhi metro map,2026-09-25
transport,greater noida metro,greater noida metro d,greater noida depot metro station pin code,2026-09-25
transport,greater noida metro,greater noida metro d,greater noida west metro demand,2026-09-25
transport,greater noida metro,greater noida metro e,greater noida metro extension,2026-09-25
transport,greater noida metro,greater noida metro e,greater noida metro extension plan,2026-09-25
transport,greater noida metro,greater noida metro e,greater noida metro expansion,2026-09-25
transport,greater noida metro,greater noida metro e,greater noida metro extension west,2026-09-25
transport,greater noida metro,greater noida metro e,greater noida metro extension map,2026-09-25
transport,greater noida metro,greater noida metro e,greater noida extension metro work start date,2026-09-25
transport,greater noida metro,greater noida metro e,greater noida extension metro route,2026-09-25
transport,greater noida metro,greater noida metro e,greater noida ecotech metro station,2026-09-25
transport,greater noida metro,greater noida metro e,greater noida expressway metro station,2026-09-25
transport,greater noida metro,greater noida metro e,greater noida expo metro station,2026-09-25
transport,greater noida metro,greater noida metro f,greater noida metro fare,2026-09-25
transport,greater noida metro,greater noida metro f,greater noida metro future plan,2026-09-25
transport,greater noida metro,greater noida metro f,greater noida metro fare calculator,2026-09-25
transport,greater noida metro,greater noida metro f,greater noida metro frequency,2026-09-25
transport,greater noida metro,greater noida metro f,greater noida metro from delhi,2026-09-25
transport,greater noida metro,greater noida metro f,greater noida first metro timings,2026-09-25
transport,greater noida metro,greater noida metro f,greater noida first metro station,2026-09-25
transport,greater noida metro,greater noida metro f,greater noida from metro,2026-09-25
transport,greater noida metro,greater noida metro f,greater noida metro route from delhi,2026-09-25
transport,greater noida metro,greater noida metro f,greater noida metro starts from,2026-09-25
transport,greater noida metro,greater noida metro g,greater noida gurgaon metro,2026-09-25
transport,greater noida metro,greater noida metro g,greater noida to gurgaon metro route,2026-09-25
transport,greater noida metro,greater noida metro g,greater noida to ghaziabad metro route,2026-09-25
transport,greater noida metro,greater noida metro g,greater noida to gurgaon metro distance,2026-09-25
transport,greater noida metro,greater noida metro g,greater noida to gurugram metro,2026-09-25
transport,greater noida metro,greater noida metro g,greater noida to ghaziabad metro,2026-09-25
transport,greater noida metro,greater noida metro g,greater noida to gurugram metro route,2026-09-25
transport,greater noida metro,greater noida metro g,greater noida to govindpuri metro,2026-09-25
transport,greater noida metro,greater noida metro g,greater noida to gurgaon metro ticket price,2026-09-25
transport,greater noida metro,greater noida metro g,greater noida to gurgaon metro time,2026-09-25
transport,greater noida metro,greater noida metro h,greater noida metro hospital,2026-09-25
transport,greater noida metro,greater noida metro h,greater noida metro helpline number,2026-09-25
transport,greater noida metro,greater noida metro h,greater noida has metro,2026-09-25
transport,greater noida metro,greater noida metro h,greater noida metro jaati hai,2026-09-25
transport,greater noida metro,greater noida metro h,greater noida mein metro hai,2026-09-25
transport,greater noida metro,greater noida metro h,does greater noida have metro,2026-09-25
transport,greater noida metro,greater noida metro h,greater noida west metro news hindi,2026-09-25
transport,greater noida metro,greater noida metro h,greater noida to mandi house metro route,2026-09-25
transport,greater noida metro,greater noida metro h,greater noida to tis hazari metro route,2026-09-25
transport,greater noida metro,greater noida metro h,greater noida konsi metro jati hai,2026-09-25
transport,greater noida metro,greater noida metro i,greater noida is metro city or not,2026-09-25
transport,greater noida metro,greater noida metro i,greater noida is metro city,2026-09-25
transport,greater noida metro,greater noida metro i,greater noida in metro,2026-09-25
transport,greater noida metro,greater noida metro i,greater noida west metro news in hindi,2026-09-25
transport,greater noida metro,greater noida metro i,greater noida west metro latest news in hindi,2026-09-25
transport,greater noida metro,greater noida metro i,iilm university greater noida metro route,2026-09-25
transport,greater noida metro,greater noida metro i,ina to greater noida metro route,2026-09-25
transport,greater noida metro,greater noida metro i,isbt to greater noida metro,2026-09-25
transport,greater noida metro,greater noida metro i,inderlok to greater noida metro route,2026-09-25
transport,greater noida metro,greater noida metro i,greater noida to jamia millia islamia metro,2026-09-25
transport,greater noida metro,greater noida metro j,greater noida metro job,2026-09-25
transport,greater noida metro,greater noida metro j,greater noida jaitpur metro station,2026-09-25
transport,greater noida metro,greater noida metro j,kya greater noida metro jaati hai,2026-09-25
transport,greater noida metro,greater noida metro j,greater noida to jahangirpuri metro,2026-09-25
transport,greater noida metro,greater noida metro j,greater noida to janpath metro,2026-09-25
transport,greater noida metro,greater noida metro j,greater noida to janakpuri metro,2026-09-25
transport,greater noida metro,greater noida metro j,greater noida to jhilmil metro station,2026-09-25
transport,greater noida metro,greater noida metro j,greater noida to jhandewalan metro route,2026-09-25
transport,greater noida metro,greater noida metro k,greater noida metro kab tak chalti hai,2026-09-25
transport,greater noida metro,greater noida metro k,greater noida metro knowledge park,2026-09-25
transport,greater noida metro,greater noida metro k,greater noida ka metro station,2026-09-25
transport,greater noida metro,greater noida metro k,greater noida ki metro,2026-09-25
transport,greater noida metro,greater noida metro k,greater noida ka metro map,2026-09-25
transport,greater noida metro,greater noida metro k,greater noida ka metro station kaun sa hai,2026-09-25
transport,greater noida metro,greater noida metro k,greater noida metro se kaise jaen,2026-09-25
transport,greater noida metro,greater noida metro l,greater noida metro last time,2026-09-25
transport,greater noida metro,greater noida metro l,greater noida metro line colour,2026-09-25
transport,greater noida metro,greater noida metro l,greater noida metro last station,2026-09-25
transport,greater noida metro,greater noida metro l,greater noida metro line map,2026-09-25
transport,greater noida metro,greater noida metro l,greater noida metro latest news,2026-09-25
transport,greater noida metro,greater noida metro l,greater noida metro line stations,2026-09-25
transport,greater noida metro,greater noida metro l,greater noida metro last train timings,2026-09-25
transport,greater noida metro,greater noida metro l,greater noida metro line name,2026-09-25
transport,greater noida metro,greater noida metro l,greater noida metro last stop,2026-09-25
transport,greater noida metro,greater noida metro m,greater noida metro map pdf,2026-09-25
transport,greater noida metro,greater noida metro m,greater noida metro morning start time,2026-09-25
transport,greater noida metro,greater noida metro m,gr noida metro map,2026-09-25
transport,greater noida metro,greater noida metro m,greater noida me metro station,2026-09-25
transport,greater noida metro,greater noida metro m,greater noida metro station map,2026-09-25
transport,greater noida metro,greater noida metro m,greater noida west metro map,2026-09-25
transport,greater noida metro,greater noida metro m,delhi greater noida metro map,2026-09-25
transport,greater noida metro,greater noida metro n,greater noida metro news today,2026-09-25
transport,greater noida metro,greater noida metro n,greater noida metro new route,2026-09-25
transport,greater noida metro,greater noida metro n,greater noida metro name,2026-09-25
transport,greater noida metro,greater noida metro n,greater noida nearest metro station,2026-09-25
transport,greater noida metro,greater noida metro n,greater noida near metro station,2026-09-25
transport,greater noida metro,greater noida metro n,greater noida nearest metro,2026-09-25
transport,greater noida metro,greater noida metro n,greater noida near metro,2026-09-25
transport,greater noida metro,greater noida metro n,greater noida nearest metro station name,2026-09-25
transport,greater noida metro,greater noida metro n,greater noida new metro line,2026-09-25
transport,greater noida metro,greater noida metro o,greater noida metro online ticket,2026-09-25
transport,greater noida metro,greater noida metro o,greater noida metro opening time,2026-09-25
transport,greater noida metro,greater noida metro o,greater noida metro online ticket whatsapp number,2026-09-25
transport,greater noida metro,greater noida metro o,greater noida office metro station,2026-09-25
transport,greater noida metro,greater noida metro o,greater noida metro timings on sunday,2026-09-25
transport,greater noida metro,greater noida metro o,greater noida metro timings on saturday,2026-09-25
transport,greater noida metro,greater noida metro o,is greater noida metro operational,2026-09-25
transport,greater noida metro,greater noida metro o,greater noida to okhla metro route,2026-09-25
transport,greater noida metro,greater noida metro o,greater noida authority office metro station,2026-09-25
transport,greater noida metro,greater noida metro p,greater noida metro project,2026-09-25
transport,greater noida metro,greater noida metro p,greater noida metro plan,2026-09-25
transport,greater noida metro,greater noida metro p,greater noida metro proposed route map,2026-09-25
transport,greater noida metro,greater noida metro p,greater noida metro price,2026-09-25
transport,greater noida metro,greater noida metro p,greater noida metro plan map,2026-09-25
transport,greater noida metro,greater noida metro p,greater noida metro pari chowk,2026-09-25
transport,greater noida metro,greater noida metro p,greater noida metro pass,2026-09-25
transport,greater noida metro,greater noida metro p,greater noida metro parking,2026-09-25
transport,greater noida metro,greater noida metro p,greater noida metro phase 2,2026-09-25
transport,greater noida metro,greater noida metro p,greater noida proposed metro,2026-09-25
transport,greater noida metro,greater noida metro q,greater noida metro qr ticket,2026-09-25
transport,greater noida metro,greater noida metro q,greater noida to lal quila metro,2026-09-25
transport,greater noida metro,greater noida metro q,qutub minar to greater noida metro,2026-09-25
transport,greater noida metro,greater noida metro q,qutub minar to greater noida metro route,2026-09-25
transport,greater noida metro,greater noida metro q,greater noida to qutab minar metro,2026-09-25
transport,greater noida metro,greater noida metro q,how to reach greater noida by metro,2026-09-25
transport,greater noida metro,greater noida metro q,metro near greater noida,2026-09-25
transport,greater noida metro,greater noida metro r,greater noida metro route stations,2026-09-25
transport,greater noida metro,greater noida metro r,greater noida metro route and fare,2026-09-25
transport,greater noida metro,greater noida metro r,greater noida metro route upcoming,2026-09-25
transport,greater noida metro,greater noida metro r,greater noida metro route map latest,2026-09-25
transport,greater noida metro,greater noida metro r,greater noida metro route timings,2026-09-25
transport,greater noida metro,greater noida metro r,greater noida metro recharge,2026-09-25
transport,greater noida metro,greater noida metro r,greater noida metro running time,2026-09-25
transport,greater noida metro,greater noida metro s,greater noida metro starting time,2026-09-25
transport,greater noida metro,greater noida metro s,greater noida metro station name,2026-09-25
transport,greater noida metro,greater noida metro s,greater noida metro station route,2026-09-25
transport,greater noida metro,greater noida metro s,greater noida metro station pari chowk,2026-09-25
transport,greater noida metro,greater noida metro s,greater noida metro station near me,2026-09-25
transport,greater noida metro,greater noida metro s,greater noida metro start date,2026-09-25
transport,greater noida metro,greater noida metro s,greater noida metro station near,2026-09-25
transport,greater noida metro,greater noida metro t,greater noida metro ticket,2026-09-25
transport,greater noida metro,greater noida metro t,greater noida metro timings today,2026-09-25
transport,greater noida metro,greater noida metro t,greater noida metro ticket price,2026-09-25
transport,greater noida metro,greater noida metro t,greater noida metro ticket whatsapp number,2026-09-25
transport,greater noida metro,greater noida metro t,greater noida metro to rajiv chowk,2026-09-25
transport,greater noida metro,greater noida metro t,greater noida metro time table,2026-09-25
transport,greater noida metro,greater noida metro u,greater noida metro update,2026-09-25
transport,greater noida metro,greater noida metro u,greater noida metro university,2026-09-25
transport,greater noida metro,greater noida metro u,greater noida upcoming metro,2026-09-25
transport,greater noida metro,greater noida metro u,greater noida west metro update,2026-09-25
transport,greater noida metro,greater noida metro u,greater noida west metro update today,2026-09-25
transport,greater noida metro,greater noida metro u,gr noida west metro update,2026-09-25
transport,greater noida metro,greater noida metro u,greater noida west metro latest update,2026-09-25
transport,greater noida metro,greater noida metro u,greater noida west metro construction update,2026-09-25
transport,greater noida metro,greater noida metro v,greater noida metro vacancy,2026-09-25
transport,greater noida metro,greater noida metro v,greater noida via metro,2026-09-25
transport,greater noida metro,greater noida metro v,greater noida to vaishali metro distance,2026-09-25
transport,greater noida metro,greater noida metro v,greater noida to vishwavidyalaya metro route,2026-09-25
transport,greater noida metro,greater noida metro v,greater noida to vaishali metro,2026-09-25
transport,greater noida metro,greater noida metro v,greater noida to vaishali metro route,2026-09-25
transport,greater noida metro,greater noida metro v,greater noida metro station to venice mall distance,2026-09-25
transport,greater noida metro,greater noida metro v,greater noida to vrindavan metro route,2026-09-25
transport,greater noida metro,greater noida metro v,greater noida to vinobapuri metro,2026-09-25
transport,greater noida metro,greater noida metro v,greater noida to vikaspuri metro route,2026-09-25
transport,greater noida metro,greater noida metro w,greater noida metro whatsapp number,2026-09-25
transport,greater noida metro,greater noida metro w,greater noida metro whatsapp ticket,2026-09-25
transport,greater noida metro,greater noida metro w,greater noida metro which line,2026-09-25
transport,greater noida metro,greater noida metro w,greater noida west metro,2026-09-25
transport,greater noida metro,greater noida metro w,greater noida west metro news,2026-09-25
transport,greater noida metro,greater noida metro w,greater noida west metro latest news,2026-09-25
transport,greater noida metro,greater noida metro w,greater noida west metro route,2026-09-25
transport,greater noida metro,greater noida metro y,greater noida to yashobhoomi metro route,2026-09-25
transport,greater noida metro,greater noida metro y,yatharth hospital greater noida metro route,2026-09-25
transport,greater noida metro,greater noida metro y,yashobhoomi to greater noida metro,2026-09-25
transport,greater noida metro,greater noida metro y,yatharth hospital greater noida metro station,2026-09-25
transport,greater noida metro,greater noida metro y,yamuna bank to greater noida metro,2026-09-25
transport,greater noida metro,greater noida metro y,ymca greater noida nearest metro,2026-09-25
transport,greater noida metro,greater noida metro y,yatharth greater noida nearest metro,2026-09-25
transport,greater noida metro,greater noida metro y,yamuna bank to greater noida metro route,2026-09-25
transport,greater noida metro,greater noida metro y,metro university greater noida established year,2026-09-25
transport,greater noida metro,greater noida metro y,yamuna vihar to greater noida metro route,2026-09-25
transport,greater noida metro,greater noida metro z,zero point greater noida metro station,2026-09-25
transport,greater noida metro,greater noida metro z,zero point greater noida metro,2026-09-25
transport,greater noida metro,greater noida metro z,greater noida zero point nearest metro station,2026-09-25
transport,greater noida metro,greater noida metro z,greater noida zero point nearest metro,2026-09-25
transport,greater noida metro,greater noida metro z,balaji digital zone greater noida metro route,2026-09-25
transport,greater noida metro,greater noida metro z,greater noida zero point near metro station,2026-09-25
transport,aqua line metro,aqua line metro,aqua line metro route,2026-09-25
transport,aqua line metro,aqua line metro,aqua line metro timings,2026-09-25
transport,aqua line metro,aqua line metro,aqua line metro ticket,2026-09-25
transport,aqua line metro,aqua line metro,aqua line metro route noida,2026-09-25
transport,aqua line metro,aqua line metro,aqua line metro route stations,2026-09-25
transport,aqua line metro,aqua line metro,aqua line metro,2026-09-25
transport,aqua line metro,aqua line metro,aqua line metro noida,2026-09-25
transport,aqua line metro,aqua line metro,aqua line metro ticket online,2026-09-25
transport,aqua line metro,aqua line metro,aqua line metro card,2026-09-25
transport,aqua line metro,aqua line metro,aqua line metro station,2026-09-25
transport,sharda university metro station,sharda university metro station,sharda university metro station,2026-09-25
transport,sharda university metro station,sharda university metro station,sharda university metro route,2026-09-25
transport,sharda university metro station,sharda university metro station,sharda university nearest metro station,2026-09-25
transport,sharda university metro station,sharda university metro station,sharda university nearest metro station distance,2026-09-25
transport,sharda university metro station,sharda university metro station,sharda university noida metro station,2026-09-25
transport,sharda university metro station,sharda university metro station,sharda university noida nearest metro station,2026-09-25
transport,sharda university metro station,sharda university metro station,sharda university delhi nearest metro station,2026-09-25
transport,sharda university metro station,sharda university metro station,sharda university location nearest metro station,2026-09-25
transport,sharda university metro station,sharda university metro station,sharda university noida nearest metro station distance,2026-09-25
transport,sharda university metro station,sharda university metro station,sharda university distance from metro station,2026-09-25
transport,galgotias university metro,galgotias university metro,galgotias university metro route,2026-09-25
transport,galgotias university metro,galgotias university metro,galgotias university metro station,2026-09-25
transport,galgotias university metro,galgotias university metro,galgotias university metro,2026-09-25
transport,galgotias university metro,galgotias university metro,galgotias university metro route stations,2026-09-25
transport,galgotias university metro,galgotias university metro,galgotias university nearest metro station,2026-09-25
transport,galgotias university metro,galgotias university metro,galgotias university nearest metro,2026-09-25
transport,galgotias university metro,galgotias university metro,galgotias university nearest metro station distance,2026-09-25
transport,galgotias university metro,galgotias university metro,galgotias university to metro station distance,2026-09-25
transport,galgotias university metro,galgotias university metro,galgotias university nearest metro station name,2026-09-25
transport,galgotias university metro,galgotias university metro,galgotias university distance metro,2026-09-25
transport,gl bajaj greater noida metro,gl bajaj greater noida metro,gl bajaj greater noida nearest metro station,2026-09-25
transport,gl bajaj greater noida metro,gl bajaj greater noida metro,gl bajaj greater noida nearest metro,2026-09-25
transport,gl bajaj greater noida metro,gl bajaj greater noida metro,gl bajaj university greater noida nearest metro station,2026-09-25
transport,gl bajaj greater noida metro,gl bajaj greater noida metro,how to reach gl bajaj greater noida by metro,2026-09-25
transport,gl bajaj greater noida metro,gl bajaj greater noida metro,metro station near gl bajaj greater noida,2026-09-25
transport,gl bajaj greater noida metro,gl bajaj greater noida metro,gl bajaj institute of technology and management greater noida nearest metro station,2026-09-25
transport,gl bajaj greater noida metro,gl bajaj greater noida metro,gl bajaj noida cutoff,2026-09-25
transport,gl bajaj greater noida metro,gl bajaj greater noida metro,g l bajaj greater noida reviews,2026-09-25
transport,gl bajaj greater noida metro,gl bajaj greater noida metro,owner of gl bajaj greater noida,2026-09-25
transport,delhi to bennett university,delhi to bennett university,delhi to bennett university distance,2026-09-25
transport,delhi to bennett university,delhi to bennett university,delhi to bennett university,2026-09-25
transport,delhi to bennett university,delhi to bennett university,new delhi to bennett university distance,2026-09-25
transport,delhi to bennett university,delhi to bennett university,delhi airport to bennett university,2026-09-25
transport,delhi to bennett university,delhi to bennett university,new delhi to bennett university metro route,2026-09-25
transport,delhi to bennett university,delhi to bennett university,delhi airport to bennett university distance,2026-09-25
transport,delhi to bennett university,delhi to bennett university,delhi cantt to bennett university,2026-09-25
transport,delhi to bennett university,delhi to bennett university,iit delhi to bennett university distance,2026-09-25
transport,delhi to bennett university,delhi to bennett university,delhi cantt to bennett university distance,2026-09-25
transport,delhi to bennett university,delhi to bennett university,delhi station to bennett university distance,2026-09-25
transport,e rickshaw greater noida,e rickshaw greater noida,e rickshaw greater noida,2026-09-25
transport,e rickshaw greater noida,e rickshaw greater noida,e rickshaw price greater noida,2026-09-25
transport,e rickshaw greater noida,e rickshaw greater noida,yatri e rickshaw greater noida,2026-09-25
transport,e rickshaw greater noida,e rickshaw greater noida,e rickshaw dealers in greater noida,2026-09-25
transport,e rickshaw greater noida,e rickshaw greater noida,e rickshaw manufacturers in greater noida,2026-09-25
transport,e rickshaw greater noida,e rickshaw greater noida,e rickshaw price near greater noida uttar pradesh,2026-09-25
transport,auto fare greater noida,auto fare greater noida,auto fare in greater noida,2026-09-25
transport,auto fare greater noida,auto fare greater noida,electric auto price greater noida,2026-09-25
transport,auto fare greater noida,auto fare greater noida,auto price in greater noida,2026-09-25
transport,auto fare greater noida,auto fare greater noida,andt greater noida fees,2026-09-25
transport,auto fare greater noida,auto fare greater noida,current auto fare in delhi,2026-09-25
transport,auto fare greater noida,auto fare greater noida,greater noida flat price,2026-09-25
transport,noida to greater noida,noida to greater noida,noida to greater noida distance,2026-09-25
transport,noida to greater noida,noida to greater noida,noida to greater noida metro,2026-09-25
transport,noida to greater noida,noida to greater noida,noida to greater noida bus service,2026-09-25
transport,noida to greater noida,noida to greater noida,noida to greater noida uttar pradesh,2026-09-25
transport,noida to greater noida,noida to greater noida,noida to greater noida,2026-09-25
transport,noida to greater noida,noida to greater noida,noida to greater noida metro route,2026-09-25
transport,noida to greater noida,noida to greater noida,noida to greater noida expressway,2026-09-25
transport,noida to greater noida,noida to greater noida,noida to greater noida distance metro,2026-09-25
transport,noida to greater noida,noida to greater noida,noida to greater noida metro station,2026-09-25
transport,noida to greater noida,noida to greater noida,noida to greater noida electric bus,2026-09-25
stay,pg near bennett university,pg near bennett university,pg near bennett university,2026-09-25
stay,pg near bennett university,pg near bennett university,pg near bennett university girls,2026-09-25
stay,pg near bennett university,pg near bennett university,pg near bennett university greater noida,2026-09-25
stay,pg near bennett university,pg near bennett university,pg near bennett university boys,2026-09-25
stay,pg near bennett university,pg near bennett university,pg near bennett university noida,2026-09-25
stay,pg near bennett university,pg near bennett university,pg near bennett university for male,2026-09-25
stay,pg near bennett university,pg near bennett university,pg near bennett university price,2026-09-25
stay,pg near bennett university,pg near bennett university,pg near bennett university reddit,2026-09-25
stay,pg near bennett university,pg near bennett university,girls pg near bennett university greater noida,2026-09-25
stay,pg near bennett university,pg near bennett university,best pg near bennett university,2026-09-25
stay,pg near bennett university,pg near bennett university a,hostel and pg near bennett university,2026-09-25
stay,pg near bennett university,pg near bennett university a,bennett university pg courses,2026-09-25
stay,pg near bennett university,pg near bennett university a,is there any entrance exam for bennett university,2026-09-25
stay,pg near bennett university,pg near bennett university b,bansal pg near bennett university,2026-09-25
stay,pg near bennett university,pg near bennett university b,bennett university near by pg,2026-09-25
stay,pg near bennett university,pg near bennett university b,is bennett university good for bba,2026-09-25
stay,pg near bennett university,pg near bennett university c,chaudhary pg near bennett university,2026-09-25
stay,pg near bennett university,pg near bennett university f,pg near bennett university for boys,2026-09-25
stay,pg near bennett university,pg near bennett university f,pg near bennett university for girls,2026-09-25
stay,pg near bennett university,pg near bennett university h,pg hostel near bennett university,2026-09-25
stay,pg near bennett university,pg near bennett university i,pg in greater noida near bennett university,2026-09-25
stay,pg near bennett university,pg near bennett university r,radhey pg near bennett university,2026-09-25
stay,pg near bennett university,pg near bennett university r,single room pg near bennett university,2026-09-25
stay,pg near sharda university,pg near sharda university,pg near sharda university,2026-09-25
stay,pg near sharda university,pg near sharda university,pg near sharda university greater noida,2026-09-25
stay,pg near sharda university,pg near sharda university,pg near sharda university greater noida for female,2026-09-25
stay,pg near sharda university,pg near sharda university,pg near sharda university for girls,2026-09-25
stay,pg near sharda university,pg near sharda university,pg near sharda university for female,2026-09-25
stay,pg near sharda university,pg near sharda university,pg near sharda university agra,2026-09-25
stay,pg near sharda university,pg near sharda university,pg near sharda university noida,2026-09-25
stay,pg near sharda university,pg near sharda university,pg near sharda university greater noida for female fees,2026-09-25
stay,pg near sharda university,pg near sharda university,pg near sharda university for boys,2026-09-25
stay,pg near sharda university,pg near sharda university,pg near sharda university with price,2026-09-25
stay,pg near galgotias university,pg near galgotias university,pg near galgotias university,2026-09-25
stay,pg near galgotias university,pg near galgotias university,pg near galgotias university for female,2026-09-25
stay,pg near galgotias university,pg near galgotias university,pg near galgotias university with price,2026-09-25
stay,pg near galgotias university,pg near galgotias university,pg near galgotias university under 5000,2026-09-25
stay,pg near galgotias university,pg near galgotias university,pg near galgotias university for boys,2026-09-25
stay,pg near galgotias university,pg near galgotias university,pg near galgotias university under 6000,2026-09-25
stay,pg near galgotias university,pg near galgotias university,pg near galgotias university for girls,2026-09-25
stay,pg near galgotias university,pg near galgotias university,pg near galgotias university noida,2026-09-25
stay,pg near galgotias university,pg near galgotias university,pg near galgotias university for male,2026-09-25
stay,pg near galgotias university,pg near galgotias university,pg near galgotias university under 8000,2026-09-25
stay,pg near gl bajaj,pg near gl bajaj,pg near gl bajaj greater noida,2026-09-25
stay,pg near gl bajaj,pg near gl bajaj,pg near gl bajaj,2026-09-25
stay,pg near gl bajaj,pg near gl bajaj,pg near gl bajaj greater noida for boys,2026-09-25
stay,pg near gl bajaj,pg near gl bajaj,pg near gl bajaj mathura,2026-09-25
stay,pg near gl bajaj,pg near gl bajaj,pg near gl bajaj greater noida for girls,2026-09-25
stay,pg near gl bajaj,pg near gl bajaj,pg near gl bajaj noida,2026-09-25
stay,pg near gl bajaj,pg near gl bajaj,pg near gl bajaj college,2026-09-25
stay,pg near gl bajaj,pg near gl bajaj,pg near gl bajaj for girls,2026-09-25
stay,pg near gl bajaj,pg near gl bajaj,pg near gl bajaj reddit,2026-09-25
stay,pg in knowledge park,pg in knowledge park,pg in knowledge park 2,2026-09-25
stay,pg in knowledge park,pg in knowledge park,pg in knowledge park 2 greater noida,2026-09-25
stay,pg in knowledge park,pg in knowledge park,pg in knowledge park 3,2026-09-25
stay,pg in knowledge park,pg in knowledge park,pg in knowledge park 3 greater noida,2026-09-25
stay,pg in knowledge park,pg in knowledge park,pg in knowledge park 2 for female,2026-09-25
stay,pg in knowledge park,pg in knowledge park,pg in knowledge park,2026-09-25
stay,pg in knowledge park,pg in knowledge park,pg in knowledge park 2 for male,2026-09-25
stay,pg in knowledge park,pg in knowledge park,pg in knowledge park greater noida,2026-09-25
stay,pg in knowledge park,pg in knowledge park,pg in knowledge park 2 for boys,2026-09-25
stay,pg in knowledge park,pg in knowledge park,pg in knowledge park 1,2026-09-25
stay,hostel near sharda university,hostel near sharda university,hostel near sharda university,2026-09-25
stay,hostel near sharda university,hostel near sharda university,hostel near sharda university for girls,2026-09-25
stay,hostel near sharda university,hostel near sharda university,hostel near sharda university for boys,2026-09-25
stay,hostel near sharda university,hostel near sharda university,hostel near sharda university greater noida,2026-09-25
stay,hostel near sharda university,hostel near sharda university,hostel near sharda university noida,2026-09-25
stay,hostel near sharda university,hostel near sharda university,girls hostel near sharda university greater noida,2026-09-25
stay,hostel near sharda university,hostel near sharda university,annapurna hostel near sharda university,2026-09-25
stay,hostel near sharda university,hostel near sharda university,pg hostel near sharda university,2026-09-25
stay,hostel near sharda university,hostel near sharda university,girls hostel near sharda university noida,2026-09-25
stay,hostel near sharda university,hostel near sharda university,best hostel near sharda university,2026-09-25
stay,bennett university hostel,bennett university hostel,bennett university hostel fees,2026-09-25
stay,bennett university hostel,bennett university hostel,bennett university hostel rooms,2026-09-25
stay,bennett university hostel,bennett university hostel,bennett university hostel,2026-09-25
stay,bennett university hostel,bennett university hostel,bennett university hostel rules,2026-09-25
stay,bennett university hostel,bennett university hostel,bennett university hostel warden contact number,2026-09-25
stay,bennett university hostel,bennett university hostel,bennett university hostel fees payment,2026-09-25
stay,bennett university hostel,bennett university hostel,bennett university hostel facility,2026-09-25
stay,bennett university hostel,bennett university hostel,bennett university hostel fees for btech,2026-09-25
stay,bennett university hostel,bennett university hostel,bennett university hostel compulsory,2026-09-25
stay,bennett university hostel,bennett university hostel,bennett university hostel single room,2026-09-25
stay,pg in greater noida,pg in greater noida,pg in greater noida,2026-09-25
stay,pg in greater noida,pg in greater noida,pg in greater noida west,2026-09-25
stay,pg in greater noida,pg in greater noida,pg in greater noida under 5000,2026-09-25
stay,pg in greater noida,pg in greater noida,pg in greater noida for boys,2026-09-25
stay,pg in greater noida,pg in greater noida,pg in greater noida near pari chowk,2026-09-25
stay,pg in greater noida,pg in greater noida,pg in greater noida for girls,2026-09-25
stay,pg in greater noida,pg in greater noida,pg in greater noida knowledge park 2,2026-09-25
stay,pg in greater noida,pg in greater noida,pg in greater noida alpha 1,2026-09-25
stay,pg in greater noida,pg in greater noida,pg in greater noida under 5000 with food,2026-09-25
stay,pg in greater noida,pg in greater noida,pg in greater noida knowledge park 3,2026-09-25
stay,pg in greater noida,pg in greater noida a,pg in greater noida alpha 2,2026-09-25
stay,pg in greater noida,pg in greater noida a,pg in greater noida alpha,2026-09-25
stay,pg in greater noida,pg in greater noida a,girls pg in greater noida alpha 2,2026-09-25
stay,pg in greater noida,pg in greater noida a,girls pg in greater noida alpha 1,2026-09-25
stay,pg in greater noida,pg in greater noida a,boys pg in greater noida alpha 1,2026-09-25
stay,pg in greater noida,pg in greater noida a,boys pg in greater noida alpha 2,2026-09-25
stay,pg in greater noida,pg in greater noida a,boys pg in greater noida alpha 1 photos,2026-09-25
stay,pg in greater noida,pg in greater noida a,pg in greater noida near amity university,2026-09-25
stay,pg in greater noida,pg in greater noida a,girls pg in greater noida alpha,2026-09-25
stay,pg in greater noida,pg in greater noida b,pg in greater noida beta 1,2026-09-25
stay,pg in greater noida,pg in greater noida b,pg in greater noida boys,2026-09-25
stay,pg in greater noida,pg in greater noida b,pg in greater noida beta 2,2026-09-25
stay,pg in greater noida,pg in greater noida b,girls pg in greater noida beta 1,2026-09-25
stay,pg in greater noida,pg in greater noida b,pg in alpha 2 greater noida boys,2026-09-25
stay,pg in greater noida,pg in greater noida b,pg in greater noida near gl bajaj,2026-09-25
stay,pg in greater noida,pg in greater noida b,pg in alpha 1 greater noida boys,2026-09-25
stay,pg in greater noida,pg in greater noida b,best pg in greater noida,2026-09-25
stay,pg in greater noida,pg in greater noida b,best pg in greater noida for boys,2026-09-25
stay,pg in greater noida,pg in greater noida c,pg in greater noida cost,2026-09-25
stay,pg in greater noida,pg in greater noida c,pg in greater noida pari chowk,2026-09-25
stay,pg in greater noida,pg in greater noida c,pg in greater noida near coforge,2026-09-25
stay,pg in greater noida,pg in greater noida c,pg in greater noida near pari chowk with price,2026-09-25
stay,pg in greater noida,pg in greater noida c,pg in greater noida near galgotia college,2026-09-25
stay,pg in greater noida,pg in greater noida c,pg in greater noida near lloyd college,2026-09-25
stay,pg in greater noida,pg in greater noida c,pg in greater noida near niet college,2026-09-25
stay,pg in greater noida,pg in greater noida c,pg in greater noida near pari chowk for girls,2026-09-25
stay,pg in greater noida,pg in greater noida c,pg in greater noida near iimt college,2026-09-25
stay,pg in greater noida,pg in greater noida c,pg in greater noida near pari chowk for boys,2026-09-25
stay,pg in greater noida,pg in greater noida d,pg in greater noida delta 1,2026-09-25
stay,pg in greater noida,pg in greater noida d,pg in dankaur greater noida,2026-09-25
stay,pg in greater noida,pg in greater noida d,pg in devla greater noida,2026-09-25
stay,pg in greater noida,pg in greater noida d,pg in dabra greater noida,2026-09-25
stay,pg in greater noida,pg in greater noida d,pg in dadri greater noida,2026-09-25
stay,pg in greater noida,pg in greater noida d,pg in delta greater noida,2026-09-25
stay,pg in greater noida,pg in greater noida d,pg in delta 2 greater noida,2026-09-25
stay,pg in greater noida,pg in greater noida d,pg in delta 1 greater noida for girls,2026-09-25
stay,pg in greater noida,pg in greater noida d,per day pg in greater noida,2026-09-25
stay,pg in greater noida,pg in greater noida d,double sharing pg in greater noida,2026-09-25
stay,pg in greater noida,pg in greater noida e,pg in greater noida extension,2026-09-25
stay,pg in greater noida,pg in greater noida e,pg in ecotech 3 greater noida,2026-09-25
stay,pg in greater noida,pg in greater noida e,co ed pg in greater noida,2026-09-25
stay,pg in greater noida,pg in greater noida e,pg in mitra enclave greater noida,2026-09-25
stay,pg in greater noida,pg in greater noida e,pg in varun enclave greater noida,2026-09-25
stay,pg in greater noida,pg in greater noida e,pg in ecotech 2 greater noida,2026-09-25
stay,pg in greater noida,pg in greater noida e,pg in eta 1 greater noida,2026-09-25
stay,pg in greater noida,pg in greater noida e,pg in ek murti chowk greater noida,2026-09-25
stay,pg in greater noida,pg in greater noida e,girls pg in ecotech 3 greater noida,2026-09-25
stay,pg in greater noida,pg in greater noida e,pg near greater noida,2026-09-25
stay,pg in greater noida,pg in greater noida f,pg in greater noida for female,2026-09-25
stay,pg in greater noida,pg in greater noida f,pg in greater noida for male,2026-09-25
stay,pg in greater noida,pg in greater noida f,pg in greater noida for rent,2026-09-25
stay,pg in greater noida,pg in greater noida f,pg in greater noida for students,2026-09-25
stay,pg in greater noida,pg in greater noida f,best pg in greater noida for girls,2026-09-25
stay,pg in greater noida,pg in greater noida f,pg in greater noida with food,2026-09-25
stay,pg in greater noida,pg in greater noida f,pg in greater noida without food,2026-09-25
stay,pg in greater noida,pg in greater noida g,pg in greater noida girls,2026-09-25
stay,pg in greater noida,pg in greater noida g,pg in greater noida gamma 1,2026-09-25
stay,pg in greater noida,pg in greater noida g,pg in greater noida near galgotias university,2026-09-25
stay,pg in greater noida,pg in greater noida g,pg in greater noida near gaur city,2026-09-25
stay,pg in greater noida,pg in greater noida g,pg in greater noida near gaur city mall,2026-09-25
stay,pg in greater noida,pg in greater noida g,pg in alpha 2 greater noida girls,2026-09-25
stay,pg in greater noida,pg in greater noida g,pg in alpha 1 greater noida girls,2026-09-25
stay,pg in greater noida,pg in greater noida g,pg in beta 1 greater noida girls,2026-09-25
stay,pg in greater noida,pg in greater noida h,pg hostel in greater noida,2026-09-25
stay,pg in greater noida,pg in greater noida h,pg in habibpur greater noida,2026-09-25
stay,pg in greater noida,pg in greater noida h,paying guest house in greater noida,2026-09-25
stay,pg in greater noida,pg in greater noida h,blue heaven pg in greater noida,2026-09-25
stay,pg in greater noida,pg in greater noida h,harshi girls pg in greater noida,2026-09-25
stay,pg in greater noida,pg in greater noida h,pg girls hostel in greater noida,2026-09-25
stay,pg in greater noida,pg in greater noida h,white house pg in greater noida,2026-09-25
stay,pg in greater noida,pg in greater noida h,harshii girls pg in greater noida reviews,2026-09-25
stay,pg in greater noida,pg in greater noida h,how to find pg in greater noida,2026-09-25
stay,pg in greater noida,pg in greater noida h,as hostel & pg services in greater noida,2026-09-25
stay,pg in greater noida,pg in greater noida i,pg in greater noida near iilm university,2026-09-25
stay,pg in greater noida,pg in greater noida i,pg in greater noida near iilm,2026-09-25
stay,pg in greater noida,pg in greater noida i,pg in greater noida near kcc institute,2026-09-25
stay,pg in greater noida,pg in greater noida i,independent pg in greater noida,2026-09-25
stay,pg in greater noida,pg in greater noida i,independent girls pg in greater noida,2026-09-25
stay,pg in greater noida,pg in greater noida i,independent pg in alpha 2 greater noida,2026-09-25
stay,pg in greater noida,pg in greater noida i,pg rates in noida,2026-09-25
stay,pg in greater noida,pg in greater noida i,pg near noida international university,2026-09-25
stay,pg in greater noida,pg in greater noida j,pg in greater noida justdial,2026-09-25
stay,pg in greater noida,pg in greater noida j,pg in greater noida near jagat farm,2026-09-25
stay,pg in greater noida,pg in greater noida j,pg in greater noida near vidya jeevan,2026-09-25
stay,pg in greater noida,pg in greater noida j,pg company greater noida job vacancy,2026-09-25
stay,pg in greater noida,pg in greater noida j,girls pg in greater noida near jagat farm,2026-09-25
stay,pg in greater noida,pg in greater noida j,jain pg in greater noida,2026-09-25
stay,pg in greater noida,pg in greater noida j,pg in jagat farm greater noida,2026-09-25
stay,pg in greater noida,pg in greater noida j,pg in jaypee greens greater noida,2026-09-25
stay,pg in greater noida,pg in greater noida j,boys pg in jagat farm greater noida,2026-09-25
stay,pg in greater noida,pg in greater noida k,pg in greater noida knowledge park 2 with price,2026-09-25
stay,pg in greater noida,pg in greater noida k,pg in greater noida knowledge park 2 for boys,2026-09-25
stay,pg in greater noida,pg in greater noida k,pg in greater noida knowledge park 2 for girls,2026-09-25
stay,pg in greater noida,pg in greater noida k,pg in greater noida knowledge park,2026-09-25
stay,pg in greater noida,pg in greater noida k,pg in greater noida knowledge park 1,2026-09-25
stay,pg in greater noida,pg in greater noida k,pg in greater noida kasna,2026-09-25
stay,pg in greater noida,pg in greater noida k,pg in greater noida knowledge park 4,2026-09-25
stay,pg in greater noida,pg in greater noida k,girls pg in greater noida knowledge park 3,2026-09-25
stay,pg in greater noida,pg in greater noida l,luxury pg in greater noida,2026-09-25
stay,pg in greater noida,pg in greater noida l,ladies pg in greater noida,2026-09-25
stay,pg in greater noida,pg in greater noida l,luxury pg in greater noida for boys,2026-09-25
stay,pg in greater noida,pg in greater noida l,co living pg in greater noida,2026-09-25
stay,pg in greater noida,pg in greater noida l,stanza living pg in greater noida,2026-09-25
stay,pg in greater noida,pg in greater noida l,pg for lease in greater noida,2026-09-25
stay,pg in greater noida,pg in greater noida l,luxury girls pg in greater noida,2026-09-25
stay,pg in greater noida,pg in greater noida l,best luxury pg in greater noida,2026-09-25
stay,pg in greater noida,pg in greater noida l,pg building for lease in greater noida,2026-09-25
stay,pg in greater noida,pg in greater noida m,pg in greater noida near metro station,2026-09-25
stay,pg in greater noida,pg in greater noida m,pg in greater noida near me,2026-09-25
stay,pg in greater noida,pg in greater noida m,pg in surajpur greater noida for male,2026-09-25
stay,pg in greater noida,pg in greater noida m,monthly pg in greater noida,2026-09-25
stay,pg in greater noida,pg in greater noida m,pg in malakpur greater noida,2026-09-25
stay,pg in greater noida,pg in greater noida m,muslim pg in greater noida,2026-09-25
stay,pg in greater noida,pg in greater noida m,magicbricks pg in greater noida,2026-09-25
stay,pg in greater noida,pg in greater noida m,pg in greater noida under 5000 for male,2026-09-25
stay,pg in greater noida,pg in greater noida n,pg in greater noida near knowledge park 2,2026-09-25
stay,pg in greater noida,pg in greater noida n,pg in greater noida near sharda university,2026-09-25
stay,pg in greater noida,pg in greater noida n,pg in greater noida near knowledge park 3,2026-09-25
stay,pg in greater noida,pg in greater noida o,pg in greater noida near wipro office,2026-09-25
stay,pg in greater noida,pg in greater noida o,olx pg in greater noida,2026-09-25
stay,pg in greater noida,pg in greater noida o,pg in omicron 1 greater noida,2026-09-25
stay,pg in greater noida,pg in greater noida o,pg on rent in greater noida,2026-09-25
stay,pg in greater noida,pg in greater noida o,pg in omega 1 greater noida,2026-09-25
stay,pg in greater noida,pg in greater noida o,single occupancy pg in greater noida,2026-09-25
stay,pg in greater noida,pg in greater noida o,cost of pg in greater noida,2026-09-25
stay,pg in greater noida,pg in greater noida o,pg on lease in greater noida,2026-09-25
stay,pg in greater noida,pg in greater noida o,pg in omicron 3 greater noida,2026-09-25
stay,pg in greater noida,pg in greater noida o,services offered by pg in greater noida,2026-09-25
stay,pg in greater noida,pg in greater noida p,pg in greater noida price,2026-09-25
stay,pg in greater noida,pg in greater noida p,pg in greater noida photos,2026-09-25
stay,pg in greater noida,pg in greater noida p,welcome pg in greater noida photos,2026-09-25
stay,pg in greater noida,pg in greater noida p,girls pg in greater noida photos,2026-09-25
stay,pg in greater noida,pg in greater noida r,pg in greater noida rent,2026-09-25
stay,pg in greater noida,pg in greater noida r,pg in greater noida reddit,2026-09-25
stay,pg in greater noida,pg in greater noida r,pg in greater noida reviews,2026-09-25
stay,pg in greater noida,pg in greater noida r,welcome pg in greater noida reviews,2026-09-25
stay,pg in greater noida,pg in greater noida r,pg in greater noida single room,2026-09-25
stay,pg in greater noida,pg in greater noida r,best pg in greater noida reddit,2026-09-25
stay,pg in greater noida,pg in greater noida r,girls pg in greater noida reviews,2026-09-25
stay,pg in greater noida,pg in greater noida r,pg room in greater noida,2026-09-25
stay,pg in greater noida,pg in greater noida r,pg rate in greater noida,2026-09-25
stay,pg in greater noida,pg in greater noida s,pg in greater noida surajpur,2026-09-25
stay,pg in greater noida,pg in greater noida s,pg in greater noida sector 62,2026-09-25
stay,pg in greater noida,pg in greater noida s,pg in greater noida sector 135,2026-09-25
stay,pg in greater noida,pg in greater noida s,pg in greater noida sector 4,2026-09-25
stay,pg in greater noida,pg in greater noida s,pg in greater noida sector 1,2026-09-25
stay,pg in greater noida,pg in greater noida s,pg in greater noida sector 2,2026-09-25
stay,pg in greater noida,pg in greater noida s,pg in greater noida sector 142,2026-09-25
stay,pg in greater noida,pg in greater noida s,pg in greater noida sector 144,2026-09-25
stay,pg in greater noida,pg in greater noida s,pg in greater noida sector 17,2026-09-25
stay,pg in greater noida,pg in greater noida t,pg in tugalpur greater noida,2026-09-25
stay,pg in greater noida,pg in greater noida t,top pg in greater noida,2026-09-25
stay,pg in greater noida,pg in greater noida t,pg in tilapta greater noida,2026-09-25
stay,pg in greater noida,pg in greater noida t,pg in techzone 4 greater noida,2026-09-25
stay,pg in greater noida,pg in greater noida t,top rated pg in greater noida,2026-09-25
stay,pg in greater noida,pg in greater noida t,pg in techzone 2 greater noida,2026-09-25
stay,pg in greater noida,pg in greater noida t,pg in techzone 4 greater noida west,2026-09-25
stay,pg in greater noida,pg in greater noida t,boys pg in tugalpur greater noida,2026-09-25
stay,pg in greater noida,pg in greater noida t,girls pg in tugalpur greater noida,2026-09-25
stay,pg in greater noida,pg in greater noida u,pg in greater noida under 3 000,2026-09-25
stay,pg in greater noida,pg in greater noida u,pg in greater noida under 8000,2026-09-25
stay,pg in greater noida,pg in greater noida u,pg in greater noida under 6000,2026-09-25
stay,pg in greater noida,pg in greater noida u,pg in greater noida under 10000,2026-09-25
stay,pg in greater noida,pg in greater noida u,pg in greater noida under 7000,2026-09-25
stay,pg in greater noida,pg in greater noida u,pg in greater noida under 10k,2026-09-25
stay,pg in greater noida,pg in greater noida u,pg in greater noida under 5000 with food near me,2026-09-25
stay,pg in greater noida,pg in greater noida v,pg in kasna village greater noida,2026-09-25
stay,pg in greater noida,pg in greater noida v,pg in chi v greater noida,2026-09-25
stay,pg in greater noida,pg in greater noida v,pg in gurjinder vihar greater noida,2026-09-25
stay,pg in greater noida,pg in greater noida v,pure veg pg in greater noida,2026-09-25
stay,pg in greater noida,pg in greater noida v,cheapest pg in greater noida,2026-09-25
stay,pg in greater noida,pg in greater noida v,pg near noida,2026-09-25
stay,pg in greater noida,pg in greater noida w,pg in greater noida with price,2026-09-25
stay,pg in greater noida,pg in greater noida w,paying guest in greater noida west,2026-09-25
stay,pg in greater noida,pg in greater noida w,pg in surajpur greater noida with price,2026-09-25
stay,pg in greater noida,pg in greater noida w,girls pg in greater noida west,2026-09-25
stay,pg in greater noida,pg in greater noida w,boys pg in greater noida west,2026-09-25
stay,pg in greater noida,pg in greater noida w,girls pg in greater noida with food,2026-09-25
stay,pg in greater noida,pg in greater noida x,pg in xu 3 greater noida,2026-09-25
stay,pg in greater noida,pg in greater noida x,pg near iimt greater noida,2026-09-25
stay,pg in greater noida,pg in greater noida y,youthville international premium pg in greater noida photos,2026-09-25
stay,pg in greater noida,pg in greater noida y,pg in gaur yamuna city greater noida,2026-09-25
stay,pg in greater noida,pg in greater noida y,pg in noida price,2026-09-25
stay,pg in greater noida,pg in greater noida z,zolo pg in greater noida,2026-09-25
stay,pg in greater noida,pg in greater noida z,pg in zeta 1 greater noida,2026-09-25
stay,girls pg in greater noida,girls pg in greater noida,girls pg in greater noida,2026-09-25
stay,girls pg in greater noida,girls pg in greater noida,girls pg in greater noida near pari chowk,2026-09-25
stay,girls pg in greater noida,girls pg in greater noida,girls pg in greater noida near knowledge park 2,2026-09-25
stay,girls pg in greater noida,girls pg in greater noida,girls pg in greater noida near galgotias university,2026-09-25
stay,girls pg in greater noida,girls pg in greater noida,girls pg in greater noida near gl bajaj,2026-09-25
stay,boys pg in greater noida,boys pg in greater noida,boys pg in greater noida,2026-09-25
stay,boys pg in greater noida,boys pg in greater noida,boys pg in greater noida near pari chowk,2026-09-25
stay,boys pg in greater noida,boys pg in greater noida,boys pg in greater noida knowledge park 2,2026-09-25
stay,boys pg in greater noida,boys pg in greater noida,boys pg in greater noida knowledge park 3,2026-09-25
stay,boys pg in greater noida,boys pg in greater noida,boys pg in greater noida beta 1,2026-09-25
stay,boys pg in greater noida,boys pg in greater noida,boys pg in gr noida,2026-09-25
food_explore,restaurants near bennett university,restaurants near bennett university,restaurants near bennett university,2026-09-25
food_explore,restaurants near bennett university,restaurants near bennett university,food near bennett university,2026-09-25
food_explore,restaurants near bennett university,restaurants near bennett university,best restaurants near bennett university,2026-09-25
food_explore,cafes in greater noida,cafes in greater noida,cafes in greater noida,2026-09-25
food_explore,cafes in greater noida,cafes in greater noida,cafes in greater noida west,2026-09-25
food_explore,cafes in greater noida,cafes in greater noida,cafes in greater noida alpha 2,2026-09-25
food_explore,cafes in greater noida,cafes in greater noida,cafes in greater noida for birthday,2026-09-25
food_explore,cafes in greater noida,cafes in greater noida,cafes in greater noida within 8.1 km,2026-09-25
food_explore,cafes in greater noida,cafes in greater noida,cafes in greater noida near me,2026-09-25
food_explore,cafes in greater noida,cafes in greater noida,cafes in greater noida knowledge park,2026-09-25
food_explore,cafes in greater noida,cafes in greater noida,cafes in greater noida alpha,2026-09-25
food_explore,cafes in greater noida,cafes in greater noida,cafes in greater noida affordable,2026-09-25
food_explore,cafes in greater noida,cafes in greater noida,cafes in greater noida open now,2026-09-25
food_explore,cafes in greater noida,cafes in greater noida a,cafe in greater noida aesthetic,2026-09-25
food_explore,cafes in greater noida,cafes in greater noida a,cafe in greater noida alpha 1,2026-09-25
food_explore,cafes in greater noida,cafes in greater noida a,restaurants in greater noida alpha 2,2026-09-25
food_explore,cafes in greater noida,cafes in greater noida a,restaurants in greater noida alpha 1,2026-09-25
food_explore,cafes in greater noida,cafes in greater noida a,cafes in greater noida and noida,2026-09-25
food_explore,cafes in greater noida,cafes in greater noida a,restaurants greater noida alpha,2026-09-25
food_explore,cafes in greater noida,cafes in greater noida a,aesthetic cafes in greater noida west,2026-09-25
food_explore,cafes in greater noida,cafes in greater noida b,cafe in greater noida budget friendly,2026-09-25
food_explore,cafes in greater noida,cafes in greater noida b,cafe in greater noida for birthday celebration,2026-09-25
food_explore,cafes in greater noida,cafes in greater noida b,restaurants in greater noida for birthday party,2026-09-25
food_explore,cafes in greater noida,cafes in greater noida b,restaurants in greater noida for birthday party with price,2026-09-25
food_explore,cafes in greater noida,cafes in greater noida b,best cafes in greater noida,2026-09-25
food_explore,cafes in greater noida,cafes in greater noida b,best cafes in greater noida west,2026-09-25
food_explore,cafes in greater noida,cafes in greater noida b,beautiful cafes in greater noida,2026-09-25
food_explore,cafes in greater noida,cafes in greater noida b,best cafes in greater noida for couples,2026-09-25
food_explore,cafes in greater noida,cafes in greater noida b,best cafe in greater noida for birthday celebration,2026-09-25
food_explore,cafes in greater noida,cafes in greater noida c,cafes in greater noida for couples,2026-09-25
food_explore,cafes in greater noida,cafes in greater noida c,cafe in greater noida pari chowk,2026-09-25
food_explore,cafes in greater noida,cafes in greater noida c,cafes in greater noida near pari chowk,2026-09-25
food_explore,cafes in greater noida,cafes in greater noida c,restaurants in greater noida pari chowk,2026-09-25
food_explore,cafes in greater noida,cafes in greater noida c,restaurants in greater noida for couples,2026-09-25
food_explore,cafes in greater noida,cafes in greater noida c,cafe in greater noida near pari chowk with price,2026-09-25
food_explore,cafes in greater noida,cafes in greater noida c,cafe in greater noida near gaur city mall,2026-09-25
food_explore,cafes in greater noida,cafes in greater noida c,cute cafes in greater noida,2026-09-25
food_explore,cafes in greater noida,cafes in greater noida c,cheap cafes in greater noida,2026-09-25
food_explore,cafes in greater noida,cafes in greater noida d,restaurants in greater noida for dinner,2026-09-25
food_explore,cafes in greater noida,cafes in greater noida d,cafe in delta greater noida,2026-09-25
food_explore,cafes in greater noida,cafes in greater noida d,dog cafe in greater noida,2026-09-25
food_explore,cafes in greater noida,cafes in greater noida d,date cafe in greater noida,2026-09-25
food_explore,cafes in greater noida,cafes in greater noida d,zoca cafe greater noida delta 1,2026-09-25
food_explore,cafes in greater noida,cafes in greater noida e,cafe in greater noida expressway,2026-09-25
food_explore,cafes in greater noida,cafes in greater noida e,restaurants in greater noida expressway,2026-09-25
food_explore,cafes in greater noida,cafes in greater noida e,restaurants in greater noida extension,2026-09-25
food_explore,cafes in greater noida,cafes in greater noida e,best restaurants in greater noida expressway,2026-09-25
food_explore,cafes in greater noida,cafes in greater noida e,expensive cafe in greater noida,2026-09-25
food_explore,cafes in greater noida,cafes in greater noida f,restaurants in greater noida for family,2026-09-25
food_explore,cafes in greater noida,cafes in greater noida g,cafe in greater noida with golf,2026-09-25
food_explore,cafes in greater noida,cafes in greater noida g,good cafes in greater noida,2026-09-25
food_explore,cafes in greater noida,cafes in greater noida g,good cafes in greater noida west,2026-09-25
food_explore,cafes in greater noida,cafes in greater noida g,gaming cafe in greater noida,2026-09-25
food_explore,cafes in greater noida,cafes in greater noida g,cafe in gamma greater noida,2026-09-25
food_explore,cafes in greater noida,cafes in greater noida g,cafes in jaypee greens greater noida,2026-09-25
food_explore,cafes in greater noida,cafes in greater noida g,cafes in gaur city mall greater noida,2026-09-25
food_explore,cafes in greater noida,cafes in greater noida h,hookah cafe in greater noida,2026-09-25
food_explore,cafes in greater noida,cafes in greater noida h,healthy cafe in greater noida,2026-09-25
food_explore,cafes in greater noida,cafes in greater noida h,hidden cafe in greater noida,2026-09-25
food_explore,cafes in greater noida,cafes in greater noida i,cafe in ithum greater noida,2026-09-25
food_explore,cafes in greater noida,cafes in greater noida i,italian cafe in greater noida,2026-09-25
food_explore,cafes in greater noida,cafes in greater noida i,internet cafe in greater noida,2026-09-25
food_explore,cafes in greater noida,cafes in greater noida i,indirapuram cafe in greater noida,2026-09-25
food_explore,cafes in greater noida,cafes in greater noida j,restaurants in greater noida jagat farm,2026-09-25
food_explore,cafes in greater noida,cafes in greater noida j,cafe jobs in greater noida,2026-09-25
food_explore,cafes in greater noida,cafes in greater noida j,cafe in jaypee greater noida,2026-09-25
food_explore,cafes in greater noida,cafes in greater noida j,cafes in jagat farm greater noida,2026-09-25
food_explore,cafes in greater noida,cafes in greater noida k,cafe in greater noida knowledge park 2,2026-09-25
food_explore,cafes in greater noida,cafes in greater noida k,cafe in greater noida knowledge park 3,2026-09-25
food_explore,cafes in greater noida,cafes in greater noida k,restaurants in greater noida knowledge park,2026-09-25
food_explore,cafes in greater noida,cafes in greater noida k,restaurants in greater noida knowledge park 2,2026-09-25
food_explore,cafes in greater noida,cafes in greater noida k,korean cafes in greater noida,2026-09-25
food_explore,cafes in greater noida,cafes in greater noida k,restaurants in greater noida within 8.1 km,2026-09-25
food_explore,cafes in greater noida,cafes in greater noida k,restaurants in greater noida within 1.6 km,2026-09-25
food_explore,cafes in greater noida,cafes in greater noida k,fusion cafe greater noida knowledge park 3,2026-09-25
food_explore,cafes in greater noida,cafes in greater noida l,restaurants in greater noida with live music,2026-09-25
food_explore,cafes in greater noida,cafes in greater noida l,luxury cafe in greater noida,2026-09-25
food_explore,cafes in greater noida,cafes in greater noida l,cafe lane in greater noida,2026-09-25
food_explore,cafes in greater noida,cafes in greater noida l,sovana cafe greater noida location,2026-09-25
food_explore,cafes in greater noida,cafes in greater noida l,late night cafes in greater noida,2026-09-25
food_explore,cafes in greater noida,cafes in greater noida l,live music cafes in greater noida,2026-09-25
food_explore,cafes in greater noida,cafes in greater noida l,cafes like appetito in greater noida,2026-09-25
food_explore,cafes in greater noida,cafes in greater noida m,restaurants in greater noida near me,2026-09-25
food_explore,cafes in greater noida,cafes in greater noida m,cafe nova greater noida menu,2026-09-25
food_explore,cafes in greater noida,cafes in greater noida m,cafe resto greater noida menu,2026-09-25
food_explore,cafes in greater noida,cafes in greater noida m,cafe athyeka greater noida menu,2026-09-25
food_explore,cafes in greater noida,cafes in greater noida m,cafe irani greater noida menu,2026-09-25
food_explore,cafes in greater noida,cafes in greater noida m,cafe amaris greater noida menu,2026-09-25
food_explore,cafes in greater noida,cafes in greater noida m,best cafe in greater noida near me,2026-09-25
food_explore,cafes in greater noida,cafes in greater noida m,morning cafe in greater noida,2026-09-25
food_explore,cafes in greater noida,cafes in greater noida n,cafe in greater noida near knowledge park 2,2026-09-25
food_explore,cafes in greater noida,cafes in greater noida n,restaurants in greater noida near pari chowk,2026-09-25
food_explore,cafes in greater noida,cafes in greater noida n,best cafe in greater noida near pari chowk,2026-09-25
food_explore,cafes in greater noida,cafes in greater noida o,restaurants in greater noida open now,2026-09-25
food_explore,cafes in greater noida,cafes in greater noida o,best restaurants in greater noida open now,2026-09-25
food_explore,cafes in greater noida,cafes in greater noida o,open cafes in greater noida,2026-09-25
food_explore,cafes in greater noida,cafes in greater noida o,outdoor cafe in greater noida,2026-09-25
food_explore,cafes in greater noida,cafes in greater noida o,zoca cafe greater noida offers,2026-09-25
food_explore,cafes in greater noida,cafes in greater noida o,cafe honey hut greater noida offers,2026-09-25
food_explore,cafes in greater noida,cafes in greater noida o,cafes in omaxe mall greater noida,2026-09-25
food_explore,cafes in greater noida,cafes in greater noida p,best restaurants in greater noida pari chowk,2026-09-25
food_explore,cafes in greater noida,cafes in greater noida r,best restaurants in greater noida reddit,2026-09-25
food_explore,cafes in greater noida,cafes in greater noida r,cafe nova greater noida reviews,2026-09-25
food_explore,cafes in greater noida,cafes in greater noida r,cafe irani greater noida reviews,2026-09-25
food_explore,cafes in greater noida,cafes in greater noida r,cafe athyeka greater noida reviews,2026-09-25
food_explore,cafes in greater noida,cafes in greater noida r,rooftop cafes in greater noida,2026-09-25
food_explore,cafes in greater noida,cafes in greater noida r,romantic cafes in greater noida,2026-09-25
food_explore,cafes in greater noida,cafes in greater noida r,cafe restaurant in greater noida,2026-09-25
food_explore,cafes in greater noida,cafes in greater noida r,cafe in rampur greater noida,2026-09-25
food_explore,cafes in greater noida,cafes in greater noida r,reasonable cafe in greater noida,2026-09-25
food_explore,cafes in greater noida,cafes in greater noida r,rooftop cafe in greater noida west,2026-09-25
food_explore,cafes in greater noida,cafes in greater noida s,cafe in greater noida sector 1,2026-09-25
food_explore,cafes in greater noida,cafes in greater noida s,restaurants in greater noida sector 1,2026-09-25
food_explore,cafes in greater noida,cafes in greater noida s,sovana cafe in greater noida,2026-09-25
food_explore,cafes in greater noida,cafes in greater noida s,cafe in surajpur greater noida,2026-09-25
food_explore,cafes in greater noida,cafes in greater noida s,cafe in suntwilight greater noida,2026-09-25
food_explore,cafes in greater noida,cafes in greater noida s,savannah cafe greater noida,2026-09-25
food_explore,cafes in greater noida,cafes in greater noida s,study cafe in greater noida,2026-09-25
food_explore,cafes in greater noida,cafes in greater noida t,top cafes in greater noida,2026-09-25
food_explore,cafes in greater noida,cafes in greater noida t,theme cafe in greater noida,2026-09-25
food_explore,cafes in greater noida,cafes in greater noida t,tibetan cafe in greater noida,2026-09-25
food_explore,cafes in greater noida,cafes in greater noida t,cafes to visit in greater noida,2026-09-25
food_explore,cafes in greater noida,cafes in greater noida t,top rated cafes in greater noida,2026-09-25
food_explore,cafes in greater noida,cafes in greater noida u,best restaurants in greater noida uttar pradesh,2026-09-25
food_explore,cafes in greater noida,cafes in greater noida u,cafes near greater noida uttar pradesh,2026-09-25
food_explore,cafes in greater noida,cafes in greater noida u,cafe rukma greater noida uttar pradesh,2026-09-25
food_explore,cafes in greater noida,cafes in greater noida u,unique cafes in greater noida,2026-09-25
food_explore,cafes in greater noida,cafes in greater noida u,bekal cafe greater noida uttar pradesh,2026-09-25
food_explore,cafes in greater noida,cafes in greater noida v,veg cafe in greater noida near pari chowk,2026-09-25
food_explore,cafes in greater noida,cafes in greater noida v,best cafes to visit in greater noida,2026-09-25
food_explore,cafes in greater noida,cafes in greater noida w,restaurants in greater noida west,2026-09-25
food_explore,cafes in greater noida,cafes in greater noida z,zepto cafe in greater noida,2026-09-25
food_explore,food near sharda university,food near sharda university,restaurants near sharda university,2026-09-25
food_explore,food near sharda university,food near sharda university,what is sharda university,2026-09-25
food_explore,food near sharda university,food near sharda university,is sharda university expensive,2026-09-25
food_explore,food near sharda university,food near sharda university,how is sharda university for mbbs,2026-09-25
food_explore,pari chowk food,pari chowk food,pari chowk food court,2026-09-25
food_explore,pari chowk food,pari chowk food,pari chowk food,2026-09-25
food_explore,pari chowk food,pari chowk food,pari chowk food outlets,2026-09-25
food_explore,pari chowk food,pari chowk food,pari chowk famous food,2026-09-25
food_explore,pari chowk food,pari chowk food,pari chowk street food,2026-09-25
food_explore,pari chowk food,pari chowk food,pari chowk metro station food court,2026-09-25
food_explore,pari chowk food,pari chowk food,pari chowk metro station food outlets,2026-09-25
food_explore,pari chowk food,pari chowk food,pari chowk metro station food,2026-09-25
food_explore,cafe near knowledge park,cafe near knowledge park,cafe near knowledge park 2,2026-09-25
food_explore,cafe near knowledge park,cafe near knowledge park,cafe near knowledge park 2 metro station,2026-09-25
food_explore,cafe near knowledge park,cafe near knowledge park,cafe near knowledge park,2026-09-25
food_explore,cafe near knowledge park,cafe near knowledge park,cafe near knowledge park 3,2026-09-25
food_explore,cafe near knowledge park,cafe near knowledge park,cafe near knowledge park metro station,2026-09-25
food_explore,cafe near knowledge park,cafe near knowledge park,cafe near knowledge park greater noida,2026-09-25
food_explore,cafe near knowledge park,cafe near knowledge park,cafe near knowledge park 2 greater noida,2026-09-25
food_explore,cafe near knowledge park,cafe near knowledge park,restaurant near knowledge park 2,2026-09-25
food_explore,cafe near knowledge park,cafe near knowledge park,restaurant near knowledge park,2026-09-25
food_explore,cafe near knowledge park,cafe near knowledge park,restaurant near knowledge park 3,2026-09-25
food_explore,best food in greater noida,best food in greater noida,best food in greater noida,2026-09-25
food_explore,best food in greater noida,best food in greater noida,best food in greater noida west,2026-09-25
food_explore,best food in greater noida,best food in greater noida,best restaurants in greater noida,2026-09-25
food_explore,best food in greater noida,best food in greater noida,best restaurants in greater noida for family,2026-09-25
food_explore,best food in greater noida,best food in greater noida,best restaurants in greater noida west,2026-09-25
food_explore,best food in greater noida,best food in greater noida,best restaurants in greater noida near pari chowk,2026-09-25
food_explore,best food in greater noida,best food in greater noida,best places to eat in greater noida,2026-09-25
food_explore,best food in greater noida,best food in greater noida,best restaurants in greater noida for couples,2026-09-25
food_explore,best food in greater noida,best food in greater noida,famous food in greater noida,2026-09-25
food_explore,best food in greater noida,best food in greater noida,best restaurants in greater noida west for family,2026-09-25
food_explore,street food in greater noida,street food in greater noida,street food in greater noida west,2026-09-25
food_explore,street food in greater noida,street food in greater noida,street food in greater noida,2026-09-25
food_explore,street food in greater noida,street food in greater noida,best street food in greater noida,2026-09-25
food_explore,street food in greater noida,street food in greater noida,famous street food in greater noida,2026-09-25
food_explore,street food in greater noida,street food in greater noida,street food market in greater noida,2026-09-25
food_explore,street food in greater noida,street food in greater noida,best street food in greater noida west,2026-09-25
food_explore,street food in greater noida,street food in greater noida,street food places in greater noida,2026-09-25
food_explore,street food in greater noida,street food in greater noida,street food market in greater noida west,2026-09-25
food_explore,street food in greater noida,street food in greater noida,famous street food in greater noida west,2026-09-25
food_explore,street food in greater noida,street food in greater noida,night street food in greater noida,2026-09-25
food_explore,things to do in greater noida,things to do in greater noida,things to do in greater noida,2026-09-25
food_explore,things to do in greater noida,things to do in greater noida,things to do in greater noida west,2026-09-25
food_explore,things to do in greater noida,things to do in greater noida,things to do in greater noida at night,2026-09-25
food_explore,things to do in greater noida,things to do in greater noida,things to do in greater noida today,2026-09-25
food_explore,things to do in greater noida,things to do in greater noida,things to do in greater noida for couples,2026-09-25
food_explore,things to do in greater noida,things to do in greater noida,things to do in greater noida with family,2026-09-25
food_explore,things to do in greater noida,things to do in greater noida,things to do in greater noida with friends,2026-09-25
food_explore,things to do in greater noida,things to do in greater noida,things to do in greater noida for kids,2026-09-25
food_explore,things to do in greater noida,things to do in greater noida,things to do in greater noida reddit,2026-09-25
food_explore,things to do in greater noida,things to do in greater noida,things to do in gr noida,2026-09-25
food_explore,things to do in greater noida,things to do in greater noida a,adventure things to do in greater noida,2026-09-25
food_explore,things to do in greater noida,things to do in greater noida a,things to do in noida and greater noida,2026-09-25
food_explore,things to do in greater noida,things to do in greater noida a,is greater noida good place to live,2026-09-25
food_explore,things to do in greater noida,things to do in greater noida a,greater noida famous for,2026-09-25
food_explore,things to do in greater noida,things to do in greater noida a,greater noida it jobs,2026-09-25
food_explore,things to do in greater noida,things to do in greater noida b,best things to do in greater noida,2026-09-25
food_explore,things to do in greater noida,things to do in greater noida f,fun things to do in greater noida,2026-09-25
food_explore,things to do in greater noida,things to do in greater noida f,fun things to do in greater noida with friends,2026-09-25
food_explore,things to do in greater noida,things to do in greater noida f,cost of living in greater noida,2026-09-25
food_explore,things to do in greater noida,things to do in greater noida m,things to do in venice mall greater noida,2026-09-25
food_explore,things to do in greater noida,things to do in greater noida m,things to do in omaxe mall greater noida,2026-09-25
food_explore,things to do in greater noida,things to do in greater noida n,things to do in noida greater noida,2026-09-25
food_explore,things to do in greater noida,things to do in greater noida n,things to do near greater noida,2026-09-25
food_explore,things to do in greater noida,things to do in greater noida n,things to do near greater noida uttar pradesh,2026-09-25
food_explore,things to do in greater noida,things to do in greater noida u,unique things to do in greater noida,2026-09-25
food_explore,things to do in greater noida,things to do in greater noida v,villages in greater noida,2026-09-25
food_explore,things to do in greater noida,things to do in greater noida w,things to do in greater noida with kids,2026-09-25
food_explore,places to visit in greater noida,places to visit in greater noida,places to visit in greater noida,2026-09-25
food_explore,places to visit in greater noida,places to visit in greater noida,places to visit in greater noida with family,2026-09-25
food_explore,places to visit in greater noida,places to visit in greater noida,places to visit in greater noida west,2026-09-25
food_explore,places to visit in greater noida,places to visit in greater noida,places to visit in greater noida with friends,2026-09-25
food_explore,places to visit in greater noida,places to visit in greater noida,places to visit in greater noida for couples,2026-09-25
food_explore,places to visit in greater noida,places to visit in greater noida,places to visit in greater noida with kids,2026-09-25
food_explore,places to visit in greater noida,places to visit in greater noida,places to visit in greater noida at night,2026-09-25
food_explore,places to visit in greater noida,places to visit in greater noida,places to visit in greater noida in evening,2026-09-25
food_explore,places to visit in greater noida,places to visit in greater noida,places to visit in greater noida with family at night,2026-09-25
food_explore,places to visit in greater noida,places to visit in greater noida,places to visit in greater noida near me,2026-09-25
food_explore,grand venice mall,grand venice mall,grand venice mall,2026-09-25
food_explore,grand venice mall,grand venice mall,grand venice mall noida,2026-09-25
food_explore,grand venice mall,grand venice mall,grand venice mall nearest metro,2026-09-25
food_explore,grand venice mall,grand venice mall,grand venice mall greater noida,2026-09-25
food_explore,grand venice mall,grand venice mall,grand venice mall movie,2026-09-25
food_explore,grand venice mall,grand venice mall,grand venice mall snow masti,2026-09-25
food_explore,grand venice mall,grand venice mall,grand venice mall pvr,2026-09-25
food_explore,grand venice mall,grand venice mall,grand venice mall location,2026-09-25
food_explore,grand venice mall,grand venice mall,grand venice mall timings,2026-09-25
food_explore,grand venice mall,grand venice mall,grand venice mall near metro station,2026-09-25
food_explore,movie theatre in greater noida,movie theatre in greater noida,movie theatre in greater noida,2026-09-25
food_explore,movie theatre in greater noida,movie theatre in greater noida,movie theatre in greater noida west,2026-09-25
food_explore,movie theatre in greater noida,movie theatre in greater noida,movie showtimes in greater noida,2026-09-25
food_explore,movie theatre in greater noida,movie theatre in greater noida,movie cinema in greater noida,2026-09-25
food_explore,movie theatre in greater noida,movie theatre in greater noida,best movie theatre in greater noida,2026-09-25
food_explore,movie theatre in greater noida,movie theatre in greater noida,movie theatre greater noida near me,2026-09-25
food_explore,movie theatre in greater noida,movie theatre in greater noida,movie theatre in venice mall greater noida,2026-09-25
food_explore,movie theatre in greater noida,movie theatre in greater noida,movie theater showtimes in greater noida,2026-09-25
food_explore,movie theatre in greater noida,movie theatre in greater noida,recliner movie theater in greater noida,2026-09-25
food_explore,movie theatre in greater noida,movie theatre in greater noida,4dx movie theater in greater noida,2026-09-25
food_explore,late night food greater noida,late night food greater noida,late night food greater noida,2026-09-25
food_explore,late night food greater noida,late night food greater noida,late night restaurants in greater noida,2026-09-25
food_explore,late night food greater noida,late night food greater noida,late night food spots in greater noida,2026-09-25
food_explore,late night food greater noida,late night food greater noida,late night restaurants in greater noida west,2026-09-25
food_explore,late night food greater noida,late night food greater noida,late night street food in greater noida,2026-09-25
food_explore,late night food greater noida,late night food greater noida,best late night food in greater noida,2026-09-25
food_explore,late night food greater noida,late night food greater noida,late night street food in noida,2026-09-25
food_explore,late night food greater noida,late night food greater noida,late night deals food,2026-09-25
food_explore,late night food greater noida,late night food greater noida,late night high protein meal,2026-09-25
general,knowledge park greater noida,knowledge park greater noida,knowledge park greater noida,2026-09-25
general,knowledge park greater noida,knowledge park greater noida,knowledge park greater noida pin code,2026-09-25
general,knowledge park greater noida,knowledge park greater noida,knowledge park greater noida metro station,2026-09-25
general,knowledge park greater noida,knowledge park greater noida,knowledge park greater noida nearest metro station,2026-09-25
general,knowledge park greater noida,knowledge park greater noida,knowledge park greater noida colleges list,2026-09-25
general,knowledge park greater noida,knowledge park greater noida,knowledge park greater noida sector,2026-09-25
general,knowledge park greater noida,knowledge park greater noida,knowledge park greater noida nearest metro,2026-09-25
general,knowledge park greater noida,knowledge park greater noida,knowledge park greater noida distance,2026-09-25
general,knowledge park greater noida,knowledge park greater noida,knowledge park greater noida police station,2026-09-25
general,knowledge park greater noida,knowledge park greater noida,knowledge park greater noida location,2026-09-25
general,knowledge park greater noida,knowledge park greater noida a,knowledge park greater noida aqi,2026-09-25
general,knowledge park greater noida,knowledge park greater noida a,knowledge park greater noida address,2026-09-25
general,knowledge park greater noida,knowledge park greater noida a,knowledge park 2 greater noida aqi,2026-09-25
general,knowledge park greater noida,knowledge park greater noida a,knowledge park 3 greater noida aqi,2026-09-25
general,knowledge park greater noida,knowledge park greater noida a,knowledge park 5 greater noida aqi,2026-09-25
general,knowledge park greater noida,knowledge park greater noida a,knowledge park 5 greater noida address,2026-09-25
general,knowledge park greater noida,knowledge park greater noida a,wipro knowledge park greater noida address,2026-09-25
general,knowledge park greater noida,knowledge park greater noida a,knowledge park 3 greater noida full address,2026-09-25
general,knowledge park greater noida,knowledge park greater noida a,wipro knowledge park 4 greater noida address,2026-09-25
general,knowledge park greater noida,knowledge park greater noida a,acp knowledge park greater noida,2026-09-25
general,knowledge park greater noida,knowledge park greater noida b,knowledge park 5 greater noida bsf camp,2026-09-25
general,knowledge park greater noida,knowledge park greater noida b,knowledge park 3 greater noida gautam buddha nagar,2026-09-25
general,knowledge park greater noida,knowledge park greater noida b,bikanervala knowledge park greater noida,2026-09-25
general,knowledge park greater noida,knowledge park greater noida b,union bank knowledge park greater noida,2026-09-25
general,knowledge park greater noida,knowledge park greater noida b,knowledge park 5 bisrakh greater noida,2026-09-25
general,knowledge park greater noida,knowledge park greater noida b,pg near knowledge park 3 greater noida boys,2026-09-25
general,knowledge park greater noida,knowledge park greater noida b,bikanervala knowledge park iii greater noida reviews,2026-09-25
general,knowledge park greater noida,knowledge park greater noida b,bikanervala knowledge park iii greater noida photos,2026-09-25
general,knowledge park greater noida,knowledge park greater noida b,bikanervala knowledge park iii greater noida,2026-09-25
general,knowledge park greater noida,knowledge park greater noida b,how to reach knowledge park 3 greater noida by metro,2026-09-25
general,knowledge park greater noida,knowledge park greater noida c,knowledge park greater noida cafe,2026-09-25
general,knowledge park greater noida,knowledge park greater noida c,knowledge park greater noida college,2026-09-25
general,knowledge park greater noida,knowledge park greater noida c,knowledge park 3 greater noida colleges,2026-09-25
general,knowledge park greater noida,knowledge park greater noida c,knowledge park 2 greater noida colleges,2026-09-25
general,knowledge park greater noida,knowledge park greater noida c,post office knowledge park greater noida contact number,2026-09-25
general,knowledge park greater noida,knowledge park greater noida c,knowledge park 3 greater noida pin code,2026-09-25
general,knowledge park greater noida,knowledge park greater noida c,knowledge park 2 greater noida pin code,2026-09-25
general,knowledge park greater noida,knowledge park greater noida c,knowledge park 5 greater noida pin code,2026-09-25
general,knowledge park greater noida,knowledge park greater noida d,knowledge park 2 greater noida distance,2026-09-25
general,knowledge park greater noida,knowledge park greater noida d,knowledge park 3 greater noida distance from my location,2026-09-25
general,knowledge park greater noida,knowledge park greater noida d,knowledge park 5 greater noida distance,2026-09-25
general,knowledge park greater noida,knowledge park greater noida d,knowledge park 2 greater noida distance from my location,2026-09-25
general,knowledge park greater noida,knowledge park greater noida d,knowledge park 3 greater noida distance,2026-09-25
general,knowledge park greater noida,knowledge park greater noida d,knowledge park 3 greater noida directions,2026-09-25
general,knowledge park greater noida,knowledge park greater noida d,knowledge park 2 greater noida directions,2026-09-25
general,knowledge park greater noida,knowledge park greater noida d,knowledge park 5 greater noida distance from my location,2026-09-25
general,knowledge park greater noida,knowledge park greater noida d,knowledge park 5 greater noida directions,2026-09-25
general,knowledge park greater noida,knowledge park greater noida e,exhibition in knowledge park greater noida,2026-09-25
general,knowledge park greater noida,knowledge park greater noida e,expo mart knowledge park greater noida,2026-09-25
general,knowledge park greater noida,knowledge park greater noida e,engineering colleges in knowledge park greater noida,2026-09-25
general,knowledge park greater noida,knowledge park greater noida e,india expo mart knowledge park greater noida,2026-09-25
general,knowledge park greater noida,knowledge park greater noida e,holiday inn express knowledge park greater noida,2026-09-25
general,knowledge park greater noida,knowledge park greater noida e,greater noida knowledge park expo,2026-09-25
general,knowledge park greater noida,knowledge park greater noida e,india expo mart knowledge park greater noida nearest metro station,2026-09-25
general,knowledge park greater noida,knowledge park greater noida e,expo mart knowledge park 2 greater noida,2026-09-25
general,knowledge park greater noida,knowledge park greater noida e,exhibition centre knowledge park i greater noida uttar pradesh in,2026-09-25
general,knowledge park greater noida,knowledge park greater noida e,its engineering college knowledge park iii greater noida uttar pradesh,2026-09-25
general,knowledge park greater noida,knowledge park greater noida f,knowledge park 1 greater noida flat for rent,2026-09-25
general,knowledge park greater noida,knowledge park greater noida f,dps knowledge park 5 greater noida fee structure,2026-09-25
general,knowledge park greater noida,knowledge park greater noida f,knowledge park first greater noida,2026-09-25
general,knowledge park greater noida,knowledge park greater noida f,pg near knowledge park 2 greater noida for boys,2026-09-25
general,knowledge park greater noida,knowledge park greater noida f,pg near knowledge park 2 greater noida for girls,2026-09-25
general,knowledge park greater noida,knowledge park greater noida f,pg near knowledge park 3 greater noida for girls,2026-09-25
general,knowledge park greater noida,knowledge park greater noida g,knowledge park 2 greater noida girls pg,2026-09-25
general,knowledge park greater noida,knowledge park greater noida g,knowledge park greater noida to galgotias university distance,2026-09-25
general,knowledge park greater noida,knowledge park greater noida g,gnit knowledge park greater noida,2026-09-25
general,knowledge park greater noida,knowledge park greater noida g,knowledge park 2 greater noida to galgotias university distance,2026-09-25
general,knowledge park greater noida,knowledge park greater noida g,knowledge park 3 greater noida to galgotias university distance,2026-09-25
general,knowledge park greater noida,knowledge park greater noida g,galgotias university knowledge park greater noida,2026-09-25
general,knowledge park greater noida,knowledge park greater noida g,pg near knowledge park 3 greater noida girls,2026-09-25
general,knowledge park greater noida,knowledge park greater noida g,vsk garden knowledge park greater noida,2026-09-25
general,knowledge park greater noida,knowledge park greater noida g,golden dream knowledge park greater noida,2026-09-25
general,knowledge park greater noida,knowledge park greater noida g,knowledge park iii gujarpur greater noida,2026-09-25
general,knowledge park greater noida,knowledge park greater noida h,knowledge park greater noida hotels,2026-09-25
general,knowledge park greater noida,knowledge park greater noida h,knowledge park greater noida hostel,2026-09-25
general,knowledge park greater noida,knowledge park greater noida h,knowledge park 2 greater noida hotels,2026-09-25
general,knowledge park greater noida,knowledge park greater noida h,knowledge park 3 greater noida hostel,2026-09-25
general,knowledge park greater noida,knowledge park greater noida h,knowledge park 3 greater noida hotel,2026-09-25
general,knowledge park greater noida,knowledge park greater noida h,knowledge park greater noida mein kahan hai,2026-09-25
general,knowledge park greater noida,knowledge park greater noida h,haldiram in knowledge park greater noida,2026-09-25
general,knowledge park greater noida,knowledge park greater noida h,hotel near knowledge park greater noida,2026-09-25
general,knowledge park greater noida,knowledge park greater noida h,sharda hospital knowledge park greater noida,2026-09-25
general,knowledge park greater noida,knowledge park greater noida h,hostel near knowledge park greater noida,2026-09-25
general,knowledge park greater noida,knowledge park greater noida i,knowledge park 3 greater noida in which sector,2026-09-25
general,knowledge park greater noida,knowledge park greater noida i,knowledge park 2 greater noida in which sector,2026-09-25
general,knowledge park greater noida,knowledge park greater noida i,knowledge park 2 greater noida institute of technology,2026-09-25
general,knowledge park greater noida,knowledge park greater noida i,knowledge park iii greater noida,2026-09-25
general,knowledge park greater noida,knowledge park greater noida i,knowledge park ii greater noida,2026-09-25
general,knowledge park greater noida,knowledge park greater noida i,knowledge park in greater noida,2026-09-25
general,knowledge park greater noida,knowledge park greater noida i,knowledge park ii greater noida pin code,2026-09-25
general,knowledge park greater noida,knowledge park greater noida i,knowledge park iii greater noida uttar pradesh,2026-09-25
general,knowledge park greater noida,knowledge park greater noida i,knowledge park iv greater noida,2026-09-25
general,knowledge park greater noida,knowledge park greater noida i,knowledge park ii greater noida uttar pradesh,2026-09-25
general,knowledge park greater noida,knowledge park greater noida j,knowledge park 2 greater noida address,2026-09-25
general,knowledge park greater noida,knowledge park greater noida j,jb knowledge park greater noida,2026-09-25
general,knowledge park greater noida,knowledge park greater noida j,jobs in knowledge park greater noida,2026-09-25
general,knowledge park greater noida,knowledge park greater noida j,knowledge park 2 to jims greater noida,2026-09-25
general,knowledge park greater noida,knowledge park greater noida j,jubilant knowledge park 2 greater noida,2026-09-25
general,knowledge park greater noida,knowledge park greater noida j,caratlane jewellery knowledge park ii greater noida reviews,2026-09-25
general,knowledge park greater noida,knowledge park greater noida j,caratlane jewellery knowledge park ii greater noida photos,2026-09-25
general,knowledge park greater noida,knowledge park greater noida k,knowledge park greater noida ka pin code,2026-09-25
general,knowledge park greater noida,knowledge park greater noida k,knowledge park 3 greater noida ka pin code,2026-09-25
general,knowledge park greater noida,knowledge park greater noida k,kfc knowledge park greater noida,2026-09-25
general,knowledge park greater noida,knowledge park greater noida k,kailash hospital knowledge park greater noida,2026-09-25
general,knowledge park greater noida,knowledge park greater noida k,kcc college knowledge park greater noida,2026-09-25
general,knowledge park greater noida,knowledge park greater noida k,knowledge park 2 to kasna greater noida,2026-09-25
general,knowledge park greater noida,knowledge park greater noida k,kr mangalam knowledge park 5 greater noida,2026-09-25
general,knowledge park greater noida,knowledge park greater noida k,burger king knowledge park 2 greater noida,2026-09-25
general,knowledge park greater noida,knowledge park greater noida k,kailash hospital knowledge park 1 greater noida,2026-09-25
general,knowledge park greater noida,knowledge park greater noida l,knowledge park 2 greater noida location,2026-09-25
general,knowledge park greater noida,knowledge park greater noida l,knowledge park 3 greater noida location,2026-09-25
general,knowledge park greater noida,knowledge park greater noida l,knowledge park 5 greater noida location,2026-09-25
general,knowledge park greater noida,knowledge park greater noida l,knowledge park 4 greater noida location,2026-09-25
general,knowledge park greater noida,knowledge park greater noida l,knowledge park ll greater noida,2026-09-25
general,knowledge park greater noida,knowledge park greater noida l,lenskart knowledge park greater noida,2026-09-25
general,knowledge park greater noida,knowledge park greater noida l,lloyd college knowledge park greater noida,2026-09-25
general,knowledge park greater noida,knowledge park greater noida l,law colleges in knowledge park greater noida,2026-09-25
general,knowledge park greater noida,knowledge park greater noida m,knowledge park greater noida metro route,2026-09-25
general,knowledge park greater noida,knowledge park greater noida m,knowledge park greater noida metro,2026-09-25
general,knowledge park greater noida,knowledge park greater noida m,knowledge park greater noida map,2026-09-25
general,knowledge park greater noida,knowledge park greater noida m,knowledge park greater noida mein,2026-09-25
general,knowledge park greater noida,knowledge park greater noida m,knowledge park 5 greater noida metro,2026-09-25
general,knowledge park greater noida,knowledge park greater noida m,knowledge park 2 greater noida metro station,2026-09-25
general,knowledge park greater noida,knowledge park greater noida m,knowledge park 5 greater noida map,2026-09-25
general,knowledge park greater noida,knowledge park greater noida n,knowledge park 3 greater noida nearest metro,2026-09-25
general,knowledge park greater noida,knowledge park greater noida n,knowledge park 1 greater noida nearest metro,2026-09-25
general,knowledge park greater noida,knowledge park greater noida n,knowledge park 5 greater noida nearest metro station,2026-09-25
general,knowledge park greater noida,knowledge park greater noida n,knowledge park 4 greater noida nearest metro,2026-09-25
general,knowledge park greater noida,knowledge park greater noida n,knowledge park 2 greater noida nearest metro station,2026-09-25
general,knowledge park greater noida,knowledge park greater noida n,knowledge park v greater noida nearest metro station,2026-09-25
general,knowledge park greater noida,knowledge park greater noida n,knowledge park 3 greater noida nearest metro station distance,2026-09-25
general,knowledge park greater noida,knowledge park greater noida n,knowledge park 1 greater noida nearest metro station distance,2026-09-25
general,knowledge park greater noida,knowledge park greater noida o,knowledge park greater noida post office,2026-09-25
general,knowledge park greater noida,knowledge park greater noida o,bikanervala knowledge park iii greater noida offers,2026-09-25
general,knowledge park greater noida,knowledge park greater noida o,dcp office knowledge park greater noida,2026-09-25
general,knowledge park greater noida,knowledge park greater noida o,oyo rooms knowledge park greater noida,2026-09-25
general,knowledge park greater noida,knowledge park greater noida o,pincode of knowledge park greater noida,2026-09-25
general,knowledge park greater noida,knowledge park greater noida o,oyo in knowledge park greater noida,2026-09-25
general,knowledge park greater noida,knowledge park greater noida o,office spaces near knowledge park greater noida,2026-09-25
general,knowledge park greater noida,knowledge park greater noida o,old age home knowledge park greater noida,2026-09-25
general,knowledge park greater noida,knowledge park greater noida p,knowledge park greater noida pg,2026-09-25
general,knowledge park greater noida,knowledge park greater noida p,knowledge park 1 greater noida pin code,2026-09-25
general,knowledge park greater noida,knowledge park greater noida p,knowledge park 4 greater noida pin code,2026-09-25
general,knowledge park greater noida,knowledge park greater noida q,air quality near knowledge park iii greater noida,2026-09-25
general,knowledge park greater noida,knowledge park greater noida q,air quality near knowledge park v greater noida,2026-09-25
general,knowledge park greater noida,knowledge park greater noida q,what is knowledge park in greater noida,2026-09-25
general,knowledge park greater noida,knowledge park greater noida q,colleges in knowledge park greater noida,2026-09-25
general,knowledge park greater noida,knowledge park greater noida r,knowledge park 2 greater noida room rent,2026-09-25
general,knowledge park greater noida,knowledge park greater noida r,subway knowledge park greater noida reviews,2026-09-25
general,knowledge park greater noida,knowledge park greater noida r,clove dental knowledge park greater noida reviews,2026-09-25
general,knowledge park greater noida,knowledge park greater noida r,knowledge park 5 greater noida metro route,2026-09-25
general,knowledge park greater noida,knowledge park greater noida r,knowledge park 3 greater noida metro route,2026-09-25
general,knowledge park greater noida,knowledge park greater noida r,knowledge park 2 greater noida metro route,2026-09-25
general,knowledge park greater noida,knowledge park greater noida r,restaurants in knowledge park greater noida,2026-09-25
general,knowledge park greater noida,knowledge park greater noida s,knowledge park greater noida se,2026-09-25
general,knowledge park greater noida,knowledge park greater noida s,knowledge park 3 greater noida sector,2026-09-25
general,knowledge park greater noida,knowledge park greater noida s,knowledge park 2 greater noida sector,2026-09-25
general,knowledge park greater noida,knowledge park greater noida s,knowledge park 5 greater noida sector,2026-09-25
general,knowledge park greater noida,knowledge park greater noida s,knowledge park 1 greater noida sector,2026-09-25
general,knowledge park greater noida,knowledge park greater noida s,knowledge park 5 greater noida school,2026-09-25
general,knowledge park greater noida,knowledge park greater noida t,knowledge park 3 greater noida to new delhi railway station distance,2026-09-25
general,knowledge park greater noida,knowledge park greater noida t,knowledge park 5 greater noida to pari chowk distance,2026-09-25
general,knowledge park greater noida,knowledge park greater noida t,knowledge park 3 greater noida to pari chowk distance,2026-09-25
general,knowledge park greater noida,knowledge park greater noida t,knowledge park 2 greater noida to new delhi railway station distance,2026-09-25
general,knowledge park greater noida,knowledge park greater noida t,knowledge park to greater noida,2026-09-25
general,knowledge park greater noida,knowledge park greater noida t,knowledge park thana greater noida,2026-09-25
general,knowledge park greater noida,knowledge park greater noida t,knowledge park third greater noida,2026-09-25
general,knowledge park greater noida,knowledge park greater noida u,knowledge park 2 greater noida uttar pradesh,2026-09-25
general,knowledge park greater noida,knowledge park greater noida u,knowledge park v greater noida uttar pradesh,2026-09-25
general,knowledge park greater noida,knowledge park greater noida u,knowledge park 3 greater noida uttar pradesh pin code number,2026-09-25
general,knowledge park greater noida,knowledge park greater noida u,knowledge park 3 greater noida uttar pradesh,2026-09-25
general,knowledge park greater noida,knowledge park greater noida u,knowledge park iii greater noida uttar pradesh nearest metro station,2026-09-25
general,knowledge park greater noida,knowledge park greater noida u,knowledge park i greater noida uttar pradesh,2026-09-25
general,knowledge park greater noida,knowledge park greater noida u,rubarru knowledge park ii greater noida uttar pradesh photos,2026-09-25
general,knowledge park greater noida,knowledge park greater noida v,knowledge park v greater noida,2026-09-25
general,knowledge park greater noida,knowledge park greater noida v,knowledge park v greater noida west,2026-09-25
general,knowledge park greater noida,knowledge park greater noida v,vivo knowledge park greater noida,2026-09-25
general,knowledge park greater noida,knowledge park greater noida v,knowledge park v greater noida pin code,2026-09-25
general,knowledge park greater noida,knowledge park greater noida v,vivo knowledge park greater noida photos,2026-09-25
general,knowledge park greater noida,knowledge park greater noida v,aster public school knowledge park 1 greater noida vacancy,2026-09-25
general,knowledge park greater noida,knowledge park greater noida v,dps knowledge park v greater noida,2026-09-25
general,knowledge park greater noida,knowledge park greater noida w,knowledge park greater noida west,2026-09-25
general,knowledge park greater noida,knowledge park greater noida w,knowledge park greater noida weather,2026-09-25
general,knowledge park greater noida,knowledge park greater noida w,knowledge park 5 greater noida west,2026-09-25
general,knowledge park greater noida,knowledge park greater noida w,knowledge park 3 greater noida weather,2026-09-25
general,knowledge park greater noida,knowledge park greater noida w,knowledge park 2 greater noida weather,2026-09-25
general,knowledge park greater noida,knowledge park greater noida w,knowledge park 5 greater noida west pin code,2026-09-25
general,knowledge park greater noida,knowledge park greater noida w,knowledge park 3 greater noida which sector,2026-09-25
general,knowledge park greater noida,knowledge park greater noida w,dps knowledge park greater noida west,2026-09-25
general,knowledge park greater noida,knowledge park greater noida y,knowledge park 2 to yatharth hospital greater noida distance,2026-09-25
general,knowledge park greater noida,knowledge park greater noida z,zudio knowledge park greater noida,2026-09-25
general,knowledge park greater noida,knowledge park greater noida z,zudio knowledge park 2 greater noida,2026-09-25
general,knowledge park greater noida,knowledge park greater noida z,knowledge park 2 to zero point greater noida distance,2026-09-25
general,knowledge park greater noida,knowledge park greater noida z,greater noida zip code knowledge park 3,2026-09-25
general,knowledge park greater noida,knowledge park greater noida z,zero point knowledge park ii greater noida uttar pradesh,2026-09-25
general,knowledge park greater noida,knowledge park greater noida z,balaji digital zone knowledge park i greater noida uttar pradesh,2026-09-25
general,knowledge park greater noida,knowledge park greater noida z,zudio greater noida knowledge park ii greater noida uttar pradesh,2026-09-25
general,cost of living in greater noida,cost of living in greater noida,cost of living in greater noida for students,2026-09-25
general,cost of living in greater noida,cost of living in greater noida,average cost of living in greater noida,2026-09-25
general,cost of living in greater noida,cost of living in greater noida,cost of living in noida,2026-09-25
general,cost of living in greater noida,cost of living in greater noida,average living cost in noida,2026-09-25
general,is greater noida safe,is greater noida safe,is greater noida safe for girls,2026-09-25
general,is greater noida safe,is greater noida safe,is greater noida safe,2026-09-25
general,is greater noida safe,is greater noida safe,is greater noida safe to live,2026-09-25
general,is greater noida safe,is greater noida safe,is greater noida safe for students,2026-09-25
general,is greater noida safe,is greater noida safe,is greater noida safe for women,2026-09-25
general,is greater noida safe,is greater noida safe,is greater noida safe at night,2026-09-25
general,is greater noida safe,is greater noida safe,is greater noida safe reddit,2026-09-25
general,is greater noida safe,is greater noida safe,is greater noida safe for muslims,2026-09-25
general,is greater noida safe,is greater noida safe,is greater noida west safe,2026-09-25
general,is greater noida safe,is greater noida safe,is greater noida a safe place,2026-09-25
general,life at bennett university,life at bennett university,life at bennett university,2026-09-25
general,life at bennett university,life at bennett university,is bennett university worth it,2026-09-25
general,life at bennett university,life at bennett university,bennett university student reviews,2026-09-25
general,life at bennett university,life at bennett university,is bennett university good for law,2026-09-25
general,life at bennett university,life at bennett university,bennett university review,2026-09-25
general,bennett university campus,bennett university campus,bennett university campus area,2026-09-25
general,bennett university campus,bennett university campus,bennett university campus,2026-09-25
general,bennett university campus,bennett university campus,bennett university campus area in acres,2026-09-25
general,bennett university campus,bennett university campus,bennett university campus tour,2026-09-25
general,bennett university campus,bennett university campus,bennett university campus size,2026-09-25
general,bennett university campus,bennett university campus,bennett university campus map,2026-09-25
general,bennett university campus,bennett university campus,bennett university campus placement,2026-09-25
general,bennett university campus,bennett university campus,bennett university campus visit,2026-09-25
general,bennett university campus,bennett university campus,bennett university campuses in india,2026-09-25
general,bennett university campus,bennett university campus,bennett university campus photos,2026-09-25
general,colleges in knowledge park,colleges in knowledge park,colleges in knowledge park 2,2026-09-25
general,colleges in knowledge park,colleges in knowledge park,colleges in knowledge park,2026-09-25
general,colleges in knowledge park,colleges in knowledge park,colleges in knowledge park 3,2026-09-25
general,colleges in knowledge park,colleges in knowledge park,colleges in knowledge park noida,2026-09-25
general,colleges in knowledge park,colleges in knowledge park,colleges in knowledge park 2 greater noida,2026-09-25
general,colleges in knowledge park,colleges in knowledge park,colleges in knowledge park dubai,2026-09-25
general,colleges in knowledge park,colleges in knowledge park,colleges in knowledge park 1,2026-09-25
general,colleges in knowledge park,colleges in knowledge park,colleges in knowledge park 5,2026-09-25
general,colleges in knowledge park,colleges in knowledge park,schools in knowledge park 5 greater noida,2026-09-25
general,sharda university campus,sharda university campus,sharda university campus area,2026-09-25
general,sharda university campus,sharda university campus,sharda university campus,2026-09-25
general,sharda university campus,sharda university campus,sharda university campus area in acres,2026-09-25
general,sharda university campus,sharda university campus,sharda university campus size,2026-09-25
general,sharda university campus,sharda university campus,sharda university campus login,2026-09-25
general,sharda university campus,sharda university campus,sharda university campus tour,2026-09-25
general,sharda university campus,sharda university campus,sharda university campus acres,2026-09-25
general,sharda university campus,sharda university campus,sharda university campus map,2026-09-25
general,sharda university campus,sharda university campus,sharda university campus noida,2026-09-25
general,sharda university campus,sharda university campus,sharda university campus location,2026-09-25
general,galgotias university campus,galgotias university campus,galgotias university campus area in acres,2026-09-25
general,galgotias university campus,galgotias university campus,galgotias university campus,2026-09-25
general,galgotias university campus,galgotias university campus,galgotias university campus area,2026-09-25
general,galgotias university campus,galgotias university campus,galgotias university campus size,2026-09-25
general,galgotias university campus,galgotias university campus,galgotias university campus tour,2026-09-25
general,galgotias university campus,galgotias university campus,galgotias university campus map,2026-09-25
general,galgotias university campus,galgotias university campus,galgotias university campus placement,2026-09-25
general,galgotias university campus,galgotias university campus,galgotias university campus photos,2026-09-25
general,galgotias university campus,galgotias university campus,galgotias university campus hostel,2026-09-25
general,galgotias university campus,galgotias university campus,galgotias university campus acres,2026-09-25
